0,0.0,0.0,0.37606837606837606,-0.1282051282051282,0.7094017094017094,-0.4188034188034188,0.8547008547008547,-0.7606837606837606,0.7094017094017094,-1.0,0.5128205128205128,-0.7435897435897436,0.717948717948718,-0.905982905982906,0.6666666666666666,-0.6410256410256411,0.5384615384615384,-0.5897435897435898,0.3076923076923077,-0.8034188034188035,0.5213675213675214,-0.9572649572649573,0.452991452991453,-0.5982905982905983,0.3247863247863248,-0.5982905982905983,0.08547008547008547,-0.8290598290598291,0.29914529914529914,-0.9914529914529915,0.2564102564102564,-0.6324786324786325,0.1282051282051282,-0.5897435897435898,-0.17094017094017094,-0.8205128205128205,0.06837606837606838,-0.9487179487179487,0.07692307692307693,-0.6837606837606838,-0.03418803418803419,-0.6068376068376068
0,0.0,0.0,0.3739130434782609,-0.10434782608695652,0.7391304347826086,-0.391304347826087,0.8695652173913043,-0.7565217391304347,0.7217391304347827,-1.0,0.5391304347826087,-0.7304347826086957,0.7304347826086957,-0.9130434782608695,0.6695652173913044,-0.6260869565217392,0.5478260869565217,-0.5652173913043478,0.33043478260869563,-0.7913043478260869,0.5391304347826087,-0.9565217391304348,0.4608695652173913,-0.5826086956521739,0.3391304347826087,-0.5739130434782609,0.10434782608695652,-0.8173913043478261,0.30434782608695654,-1.0,0.26956521739130435,-0.6173913043478261,0.1391304347826087,-0.5739130434782609,-0.16521739130434782,-0.8260869565217391,0.06086956521739131,-0.9565217391304348,0.0782608695652174,-0.6869565217391305,-0.02608695652173913,-0.6
0,0.0,0.0,0.3793103448275862,-0.08620689655172414,0.75,-0.3793103448275862,0.8879310344827587,-0.7413793103448276,0.7413793103448276,-1.0,0.5689655172413793,-0.7068965517241379,0.7586206896551724,-0.8879310344827587,0.6982758620689655,-0.6120689655172413,0.5862068965517241,-0.5517241379310345,0.35344827586206895,-0.7758620689655172,0.5603448275862069,-0.9482758620689655,0.4827586206896552,-0.5689655172413793,0.3620689655172414,-0.5603448275862069,0.12931034482758622,-0.8017241379310345,0.31896551724137934,-0.9913793103448276,0.28448275862068967,-0.6120689655172413,0.16379310344827586,-0.5517241379310345,-0.14655172413793102,-0.8189655172413793,0.07758620689655173,-0.9482758620689655,0.09482758620689655,-0.6724137931034483,-0.008620689655172414,-0.5862068965517241
0,0.0,0.0,0.3739130434782609,-0.0782608695652174,0.7391304347826086,-0.3739130434782609,0.8782608695652174,-0.7478260869565218,0.7304347826086957,-1.0,0.5391304347826087,-0.7304347826086957,0.7478260869565218,-0.8956521739130435,0.6782608695652174,-0.6086956521739131,0.5652173913043478,-0.5652173913043478,0.3217391304347826,-0.7913043478260869,0.5478260869565217,-0.9565217391304348,0.46956521739130436,-0.5826086956521739,0.34782608695652173,-0.5739130434782609,0.10434782608695652,-0.8173913043478261,0.3130434782608696,-1.0,0.2782608695652174,-0.6173913043478261,0.14782608695652175,-0.5652173913043478,-0.16521739130434782,-0.8260869565217391,0.0782608695652174,-0.9478260869565217,0.08695652173913043,-0.6695652173913044,-0.02608695652173913,-0.6
0,0.0,0.0,0.37606837606837606,-0.11965811965811966,0.7094017094017094,-0.41025641025641024,0.8461538461538461,-0.7606837606837606,0.7008547008547008,-1.0,0.47863247863247865,-0.7264957264957265,0.6923076923076923,-0.905982905982906,0.6324786324786325,-0.6153846153846154,0.5128205128205128,-0.5811965811965812,0.2905982905982906,-0.7863247863247863,0.5128205128205128,-0.9658119658119658,0.452991452991453,-0.5982905982905983,0.3162393162393162,-0.5982905982905983,0.08547008547008547,-0.8034188034188035,0.29914529914529914,-1.0,0.27350427350427353,-0.6324786324786325,0.13675213675213677,-0.5897435897435898,-0.17094017094017094,-0.811965811965812,0.06837606837606838,-0.9401709401709402,0.08547008547008547,-0.6837606837606838,-0.03418803418803419,-0.6153846153846154
0,0.0,0.0,0.36134453781512604,-0.17647058823529413,0.6218487394957983,-0.4789915966386555,0.7478991596638656,-0.7899159663865546,0.6050420168067226,-1.0,0.3445378151260504,-0.7815126050420168,0.5546218487394958,-0.9495798319327731,0.5378151260504201,-0.680672268907563,0.3949579831932773,-0.6218487394957983,0.17647058823529413,-0.8067226890756303,0.42016806722689076,-0.9831932773109243,0.40336134453781514,-0.6302521008403361,0.24369747899159663,-0.6134453781512605,-0.008403361344537815,-0.8067226890756303,0.24369747899159663,-0.9915966386554622,0.24369747899159663,-0.6386554621848739,0.08403361344537816,-0.5882352941176471,-0.23529411764705882,-0.7815126050420168,0.04201680672268908,-0.9159663865546218,0.06722689075630252,-0.6638655462184874,-0.07563025210084033,-0.5882352941176471
0,0.0,0.0,0.25757575757575757,-0.23484848484848486,0.38636363636363635,-0.5303030303030303,0.45454545454545453,-0.7651515151515151,0.4393939393939394,-0.9545454545454546,-0.007575757575757576,-0.946969696969697,0.32575757575757575,-1.0,0.3409090909090909,-0.7272727272727273,0.22727272727272727,-0.6287878787878788,-0.13636363636363635,-0.9393939393939394,0.2727272727272727,-0.9696969696969697,0.2878787878787879,-0.6590909090909091,0.16666666666666666,-0.5833333333333334,-0.24242424242424243,-0.8787878787878788,0.17424242424242425,-0.8939393939393939,0.18181818181818182,-0.5984848484848485,0.06060606060606061,-0.5227272727272727,-0.3181818181818182,-0.7727272727272727,0.03787878787878788,-0.8106060606060606,0.045454545454545456,-0.6136363636363636,-0.06818181818181818,-0.5378787878787878
0,0.0,0.0,0.2532467532467532,-0.3051948051948052,0.3051948051948052,-0.5844155844155844,0.34415584415584416,-0.7792207792207793,0.33766233766233766,-0.935064935064935,-0.18181818181818182,-0.8701298701298701,0.18831168831168832,-1.0,0.24025974025974026,-0.8051948051948052,0.14935064935064934,-0.7077922077922078,-0.24675324675324675,-0.8506493506493507,0.23376623376623376,-0.974025974025974,0.2662337662337662,-0.7597402597402597,0.16233766233766234,-0.6948051948051948,-0.23376623376623376,-0.7792207792207793,0.2532467532467532,-0.8571428571428571,0.2662337662337662,-0.6493506493506493,0.15584415584415584,-0.5909090909090909,-0.15584415584415584,-0.6818181818181818,0.22727272727272727,-0.7077922077922078,0.23376623376623376,-0.5584415584415584,0.12337662337662338,-0.512987012987013
0,0.0,0.0,-0.0736196319018405,-0.2883435582822086,-0.024539877300613498,-0.6012269938650306,0.15950920245398773,-0.8098159509202454,0.31901840490797545,-0.9202453987730062,-0.27607361963190186,-0.7975460122699386,0.13496932515337423,-1.0,0.17791411042944785,-0.8404907975460123,0.11042944785276074,-0.7361963190184049,-0.22699386503067484,-0.7730061349693251,0.26380368098159507,-0.901840490797546,0.27607361963190186,-0.7361963190184049,0.17791411042944785,-0.6748466257668712,-0.12269938650306748,-0.7055214723926381,0.36809815950920244,-0.7914110429447853,0.3619631901840491,-0.6257668711656442,0.25153374233128833,-0.5705521472392638,0.03067484662576687,-0.6134969325153374,0.4049079754601227,-0.6441717791411042,0.38650306748466257,-0.49693251533742333,0.27607361963190186,-0.44171779141104295
0,0.0,0.0,-0.19135802469135801,-0.29012345679012347,-0.19753086419753085,-0.6111111111111112,-0.030864197530864196,-0.8395061728395061,0.16666666666666666,-0.9135802469135802,-0.345679012345679,-0.7592592592592593,-0.043209876543209874,-1.0,0.024691358024691357,-0.8703703703703703,-0.018518518518518517,-0.7530864197530864,-0.15432098765432098,-0.7283950617283951,0.15432098765432098,-0.8827160493827161,0.19135802469135801,-0.7530864197530864,0.12962962962962962,-0.6666666666666666,0.06172839506172839,-0.6666666666666666,0.3271604938271605,-0.7901234567901234,0.3271604938271605,-0.6666666666666666,0.25925925925925924,-0.5802469135802469,0.2716049382716049,-0.5925925925925926,0.4444444444444444,-0.6728395061728395,0.43209876543209874,-0.5493827160493827,0.3765432098765432,-0.4691358024691358
0,0.0,0.0,-0.3090909090909091,-0.24242424242424243,-0.4303030303030303,-0.5272727272727272,-0.38181818181818183,-0.8121212121212121,-0.2787878787878788,-0.9636363636363636,-0.17575757575757575,-0.6848484848484848,-0.2,-1.0,-0.24848484848484848,-0.8727272727272727,-0.2545454545454545,-0.7272727272727273,0.05454545454545454,-0.6727272727272727,-0.03636363636363636,-0.8727272727272727,-0.09696969696969697,-0.7636363636363637,-0.08484848484848485,-0.6545454545454545,0.23636363636363636,-0.6121212121212121,0.10909090909090909,-0.7636363636363637,0.06060606060606061,-0.6727272727272727,0.06666666666666667,-0.5636363636363636,0.3696969696969697,-0.5454545454545454,0.24848484848484848,-0.6666666666666666,0.2,-0.5878787878787879,0.20606060606060606,-0.49696969696969695
0,0.0,0.0,-0.31547619047619047,-0.20238095238095238,-0.4642857142857143,-0.4642857142857143,-0.48214285714285715,-0.7380952380952381,-0.4523809523809524,-0.9166666666666666,-0.17857142857142858,-0.7083333333333334,-0.2916666666666667,-1.0,-0.35119047619047616,-0.8690476190476191,-0.3333333333333333,-0.7261904761904762,0.02976190476190476,-0.7142857142857143,-0.13690476190476192,-0.8988095238095238,-0.20238095238095238,-0.7797619047619048,-0.18452380952380953,-0.6666666666666666,0.18452380952380953,-0.6785714285714286,0.011904761904761904,-0.8214285714285714,-0.047619047619047616,-0.7261904761904762,-0.041666666666666664,-0.6130952380952381,0.2976190476190476,-0.625,0.14285714285714285,-0.7440476190476191,0.08928571428571429,-0.6607142857142857,0.10119047619047619,-0.5654761904761905
0,0.0,0.0,-0.30357142857142855,-0.20833333333333334,-0.44642857142857145,-0.49404761904761907,-0.43452380952380953,-0.7678571428571429,-0.36904761904761907,-0.9345238095238095,-0.16666666666666666,-0.7261904761904762,-0.25,-1.0,-0.30952380952380953,-0.8809523809523809,-0.2916666666666667,-0.7440476190476191,0.047619047619047616,-0.7202380952380952,-0.09523809523809523,-0.8690476190476191,-0.16071428571428573,-0.7440476190476191,-0.14285714285714285,-0.6369047619047619,0.20238095238095238,-0.6607142857142857,0.047619047619047616,-0.7738095238095238,-0.005952380952380952,-0.6785714285714286,0.0,-0.5714285714285714,0.31547619047619047,-0.5952380952380952,0.18452380952380953,-0.6904761904761905,0.13690476190476192,-0.6130952380952381,0.14285714285714285,-0.5238095238095238
0,0.0,0.0,-0.30303030303030304,-0.22424242424242424,-0.43636363636363634,-0.503030303030303,-0.42424242424242425,-0.7757575757575758,-0.3515151515151515,-0.9393939393939394,-0.14545454545454545,-0.7272727272727273,-0.23030303030303031,-1.0,-0.30303030303030304,-0.8848484848484849,-0.2909090909090909,-0.7393939393939394,0.06666666666666667,-0.7151515151515152,-0.07878787878787878,-0.8666666666666667,-0.14545454545454545,-0.7515151515151515,-0.12727272727272726,-0.6424242424242425,0.22424242424242424,-0.6545454545454545,0.07272727272727272,-0.7757575757575758,0.01818181818181818,-0.6848484848484848,0.01818181818181818,-0.5757575757575758,0.3333333333333333,-0.5818181818181818,0.21212121212121213,-0.6848484848484848,0.15757575757575756,-0.6060606060606061,0.15757575757575756,-0.5212121212121212
0,0.0,0.0,-0.18562874251497005,-0.32934131736526945,-0.19760479041916168,-0.5988023952095808,-0.07784431137724551,-0.7365269461077845,0.08383233532934131,-0.7305389221556886,-0.18562874251497005,-0.8143712574850299,0.005988023952095809,-1.0,0.059880239520958084,-0.9101796407185628,0.023952095808383235,-0.8143712574850299,0.041916167664670656,-0.7844311377245509,0.19161676646706588,-0.8562874251497006,0.19760479041916168,-0.7485029940119761,0.1377245508982036,-0.6646706586826348,0.25748502994011974,-0.6946107784431138,0.32335329341317365,-0.7365269461077845,0.31137724550898205,-0.6407185628742516,0.25748502994011974,-0.5508982035928144,0.437125748502994,-0.5868263473053892,0.4431137724550898,-0.6167664670658682,0.41317365269461076,-0.5329341317365269,0.3712574850299401,-0.46107784431137727
0,0.0,0.0,-0.07894736842105263,-0.34210526315789475,-0.08552631578947369,-0.6513157894736842,-0.046052631578947366,-0.868421052631579,0.013157894736842105,-0.9868421052631579,-0.05263157894736842,-0.9210526315789473,0.35526315789473684,-1.0,0.40789473684210525,-0.8421052631578947,0.3355263157894737,-0.743421052631579,0.09868421052631579,-0.8618421052631579,0.5131578947368421,-0.8552631578947368,0.5197368421052632,-0.6973684210526315,0.42105263157894735,-0.625,0.26973684210526316,-0.7368421052631579,0.625,-0.6973684210526315,0.5986842105263158,-0.5592105263157895,0.48026315789473684,-0.506578947368421,0.4342105263157895,-0.5789473684210527,0.6842105263157895,-0.5263157894736842,0.6381578947368421,-0.40131578947368424,0.5263157894736842,-0.35526315789473684
0,0.0,0.0,0.4178082191780822,-0.2191780821917808,0.5958904109589042,-0.4794520547945205,0.7191780821917808,-0.678082191780822,0.8356164383561644,-0.8356164383561644,0.2671232876712329,-0.9863013698630136,0.7397260273972602,-0.910958904109589,0.6712328767123288,-0.6712328767123288,0.5136986301369864,-0.6095890410958904,0.22602739726027396,-1.0,0.773972602739726,-0.8561643835616438,0.684931506849315,-0.6164383561643836,0.5205479452054794,-0.5821917808219178,0.2191780821917808,-0.9315068493150684,0.726027397260274,-0.7534246575342466,0.6301369863013698,-0.5273972602739726,0.4657534246575342,-0.5,0.2534246575342466,-0.815068493150685,0.6232876712328768,-0.6643835616438356,0.5547945205479452,-0.5,0.4178082191780822,-0.4794520547945205
0,0.0,0.0,0.4189189189189189,-0.033783783783783786,0.7364864864864865,-0.21621621621621623,0.9391891891891891,-0.3918918918918919,1.0,-0.5743243243243243,0.5945945945945946,-0.8175675675675675,0.9662162162162162,-0.6418918918918919,0.8175675675675675,-0.39864864864864863,0.668918918918919,-0.41216216216216217,0.4864864864864865,-0.8851351351351351,0.8918918918918919,-0.6486486486486487,0.7364864864864865,-0.3918918918918919,0.6148648648648649,-0.4189189189189189,0.3716216216216216,-0.8851351351351351,0.777027027027027,-0.6418918918918919,0.6418918918918919,-0.40540540540540543,0.5,-0.42567567567567566,0.25,-0.831081081081081,0.581081081081081,-0.6283783783783784,0.5067567567567568,-0.4527027027027027,0.3918918918918919,-0.46621621621621623
0,0.0,0.0,0.375,0.034722222222222224,0.7569444444444444,-0.11805555555555555,1.0,-0.3055555555555556,0.9861111111111112,-0.5138888888888888,0.7222222222222222,-0.7152777777777778,0.9930555555555556,-0.5902777777777778,0.8194444444444444,-0.3541666666666667,0.6944444444444444,-0.3611111111111111,0.5833333333333334,-0.8055555555555556,0.8541666666666666,-0.5902777777777778,0.6875,-0.3333333333333333,0.5902777777777778,-0.3819444444444444,0.4166666666666667,-0.8263888888888888,0.7013888888888888,-0.5902777777777778,0.5486111111111112,-0.3541666666666667,0.4375,-0.3888888888888889,0.25,-0.8194444444444444,0.5138888888888888,-0.5972222222222222,0.4166666666666667,-0.4166666666666667,0.3055555555555556,-0.4305555555555556
0,0.0,0.0,0.3630573248407643,0.05732484076433121,0.7006369426751592,-0.025477707006369428,0.9490445859872612,-0.15286624203821655,1.0,-0.34394904458598724,0.732484076433121,-0.4840764331210191,0.9617834394904459,-0.3885350318471338,0.7707006369426752,-0.21019108280254778,0.6560509554140127,-0.2611464968152866,0.6305732484076433,-0.5796178343949044,0.8726114649681529,-0.43312101910828027,0.6687898089171974,-0.2229299363057325,0.5732484076433121,-0.3057324840764331,0.5031847133757962,-0.6560509554140127,0.7579617834394905,-0.4968152866242038,0.5605095541401274,-0.28662420382165604,0.43312101910828027,-0.35668789808917195,0.34394904458598724,-0.7261146496815286,0.6050955414012739,-0.5605095541401274,0.4840764331210191,-0.39490445859872614,0.3503184713375796,-0.43312101910828027
0,0.0,0.0,0.3469387755102041,0.08843537414965986,0.7006802721088435,0.02040816326530612,0.9727891156462585,-0.1360544217687075,1.0,-0.3673469387755102,0.7346938775510204,-0.3333333333333333,0.9591836734693877,-0.3741496598639456,0.8027210884353742,-0.17687074829931973,0.6870748299319728,-0.17687074829931973,0.6394557823129252,-0.4489795918367347,0.8775510204081632,-0.46938775510204084,0.673469387755102,-0.21768707482993196,0.5510204081632653,-0.25170068027210885,0.5034013605442177,-0.5714285714285714,0.7551020408163265,-0.5578231292517006,0.5578231292517006,-0.30612244897959184,0.41496598639455784,-0.32653061224489793,0.32653061224489793,-0.7006802721088435,0.5918367346938775,-0.6394557823129252,0.4965986394557823,-0.43537414965986393,0.36054421768707484,-0.42857142857142855
0,0.0,0.0,0.425,-0.05,0.7166666666666667,-0.31666666666666665,0.8416666666666667,-0.575,0.775,-0.75,0.5583333333333333,-0.7,0.7083333333333334,-0.8333333333333334,0.6333333333333333,-0.575,0.5333333333333333,-0.45,0.39166666666666666,-0.7833333333333333,0.575,-0.925,0.4583333333333333,-0.5833333333333334,0.3416666666666667,-0.475,0.2,-0.8333333333333334,0.38333333333333336,-0.9666666666666667,0.2916666666666667,-0.6166666666666667,0.175,-0.5,-0.03333333333333333,-0.8666666666666667,0.15833333333333333,-1.0,0.13333333333333333,-0.7583333333333333,0.058333333333333334,-0.6416666666666667
0,0.0,0.0,0.22627737226277372,0.29927007299270075,0.5109489051094891,0.48175182481751827,0.7226277372262774,0.583941605839416,0.8540145985401459,0.5766423357664233,1.0,0.0,1.0,0.4233576642335766,0.7518248175182481,0.41605839416058393,0.7007299270072993,0.2846715328467153,0.948905109489051,-0.1386861313868613,0.8978102189781022,0.36496350364963503,0.656934306569343,0.35036496350364965,0.6058394160583942,0.23357664233576642,0.8321167883211679,-0.24087591240875914,0.781021897810219,0.24817518248175183,0.5693430656934306,0.25547445255474455,0.5109489051094891,0.15328467153284672,0.6715328467153284,-0.291970802919708,0.6715328467153284,0.11678832116788321,0.5109489051094891,0.13138686131386862,0.43795620437956206,0.043795620437956206
0,0.0,0.0,0.27702702702702703,0.27702702702702703,0.581081081081081,0.43243243243243246,0.7837837837837838,0.5337837837837838,0.9324324324324325,0.5743243243243243,1.0,0.06756756756756757,0.9797297297297297,0.5743243243243243,0.8108108108108109,0.5405405405405406,0.7635135135135135,0.3918918918918919,0.9459459459459459,0.05405405405405406,0.8783783783783784,0.6351351351351351,0.7162162162162162,0.5608108108108109,0.6891891891891891,0.4189189189189189,0.831081081081081,0.10135135135135136,0.7635135135135135,0.6486486486486487,0.6081081081081081,0.5608108108108109,0.581081081081081,0.42567567567567566,0.6756756756756757,0.18243243243243243,0.6081081081081081,0.5945945945945946,0.4797297297297297,0.5202702702702703,0.4527027027027027,0.3918918918918919
0,0.0,0.0,0.2603550295857988,-0.28994082840236685,0.5502958579881657,-0.378698224852071,0.7810650887573964,-0.2958579881656805,0.8757396449704142,-0.14201183431952663,0.6568047337278107,-0.46745562130177515,1.0,-0.27218934911242604,0.9112426035502958,-0.21301775147928995,0.7810650887573964,-0.2485207100591716,0.6390532544378699,-0.23076923076923078,0.9171597633136095,-0.07692307692307693,0.8224852071005917,-0.05325443786982249,0.6923076923076923,-0.09467455621301775,0.6153846153846154,0.011834319526627219,0.8461538461538461,0.08875739644970414,0.7514792899408284,0.10650887573964497,0.6331360946745562,0.07100591715976332,0.5798816568047337,0.22485207100591717,0.757396449704142,0.23668639053254437,0.6686390532544378,0.23668639053254437,0.5621301775147929,0.22485207100591717
0,0.0,0.0,-0.2046783625730994,-0.34502923976608185,-0.22807017543859648,-0.6549707602339181,-0.09941520467836257,-0.8830409356725146,0.04093567251461988,-0.9707602339181286,-0.03508771929824561,-0.7076023391812866,0.08187134502923976,-1.0,0.023391812865497075,-0.9064327485380117,-0.023391812865497075,-0.783625730994152,0.1871345029239766,-0.6257309941520468,0.22807017543859648,-0.8830409356725146,0.16374269005847952,-0.8128654970760234,0.1286549707602339,-0.7017543859649122,0.36257309941520466,-0.5380116959064327,0.34502923976608185,-0.7485380116959064,0.2807017543859649,-0.6900584795321637,0.24561403508771928,-0.5906432748538012,0.49707602339181284,-0.4502923976608187,0.4444444444444444,-0.6140350877192983,0.38011695906432746,-0.5614035087719298,0.3508771929824561,-0.47368421052631576
0,0.0,0.0,-0.3419354838709677,-0.2,-0.535483870967742,-0.4645161290322581,-0.5290322580645161,-0.7483870967741936,-0.4258064516129032,-0.896774193548387,-0.2709677419354839,-0.7677419354838709,-0.3225806451612903,-1.0,-0.34838709677419355,-0.8903225806451613,-0.3419354838709677,-0.7548387096774194,-0.03870967741935484,-0.7870967741935484,-0.14193548387096774,-0.8709677419354839,-0.18064516129032257,-0.7483870967741936,-0.16129032258064516,-0.6387096774193548,0.16129032258064516,-0.7483870967741936,0.03870967741935484,-0.8,-0.0064516129032258064,-0.7032258064516129,0.0,-0.5935483870967742,0.3161290322580645,-0.6838709677419355,0.2,-0.7354838709677419,0.16129032258064516,-0.6516129032258065,0.16774193548387098,-0.5548387096774193
0,0.0,0.0,-0.26956521739130435,-0.3391304347826087,-0.28695652173913044,-0.6173913043478261,-0.16521739130434782,-0.7652173913043478,0.008695652173913044,-0.8173913043478261,-0.4260869565217391,-0.8608695652173913,-0.1565217391304348,-0.9739130434782609,-0.034782608695652174,-0.8434782608695652,-0.043478260869565216,-0.7043478260869566,-0.22608695652173913,-0.9391304347826087,0.02608695652173913,-1.0,0.12173913043478261,-0.8695652173913043,0.12173913043478261,-0.7391304347826086,0.02608695652173913,-0.9304347826086956,0.2608695652173913,-0.9652173913043478,0.33043478260869563,-0.808695652173913,0.2956521739130435,-0.6869565217391305,0.30434782608695654,-0.8695652173913043,0.5217391304347826,-0.808695652173913,0.5478260869565217,-0.6695652173913044,0.4956521739130435,-0.5739130434782609
0,0.0,0.0,-0.36633663366336633,-0.3069306930693069,-0.39603960396039606,-0.6534653465346535,-0.1782178217821782,-0.8514851485148515,0.0891089108910891,-0.8712871287128713,-0.44554455445544555,-0.9405940594059405,-0.18811881188118812,-0.9801980198019802,-0.12871287128712872,-0.7920792079207921,-0.16831683168316833,-0.6633663366336634,-0.15841584158415842,-1.0,0.04950495049504951,-0.9603960396039604,0.06930693069306931,-0.7920792079207921,0.039603960396039604,-0.6732673267326733,0.15841584158415842,-0.9702970297029703,0.32673267326732675,-0.900990099009901,0.31683168316831684,-0.7227722772277227,0.26732673267326734,-0.594059405940594,0.46534653465346537,-0.8811881188118812,0.5841584158415841,-0.7722772277227723,0.5643564356435643,-0.6237623762376238,0.5148514851485149,-0.5247524752475248
0,0.0,0.0,-0.05309734513274336,-0.34513274336283184,0.02654867256637168,-0.6548672566371682,0.20353982300884957,-0.7964601769911505,0.3805309734513274,-0.831858407079646,-0.13274336283185842,-0.9026548672566371,0.336283185840708,-1.0,0.415929203539823,-0.8141592920353983,0.34513274336283184,-0.6814159292035398,-0.04424778761061947,-0.9557522123893806,0.4690265486725664,-1.0,0.48672566371681414,-0.8141592920353983,0.36283185840707965,-0.6991150442477876,0.10619469026548672,-0.9469026548672567,0.6106194690265486,-0.9203539823008849,0.5929203539823009,-0.7079646017699115,0.45132743362831856,-0.6194690265486725,0.3008849557522124,-0.8849557522123894,0.6991150442477876,-0.7699115044247787,0.6548672566371682,-0.5929203539823009,0.5132743362831859,-0.5309734513274337
0,0.0,0.0,0.41228070175438597,-0.07894736842105263,0.7894736842105263,-0.35964912280701755,0.9298245614035088,-0.7192982456140351,0.7456140350877193,-0.9210526315789473,0.5526315789473685,-0.6929824561403509,0.7105263157894737,-0.9210526315789473,0.6578947368421053,-0.6228070175438597,0.5877192982456141,-0.5175438596491229,0.34210526315789475,-0.7456140350877193,0.5087719298245614,-0.9473684210526315,0.45614035087719296,-0.5964912280701754,0.3684210526315789,-0.543859649122807,0.13157894736842105,-0.7719298245614035,0.2894736842105263,-1.0,0.2719298245614035,-0.6403508771929824,0.18421052631578946,-0.543859649122807,-0.13157894736842105,-0.7719298245614035,0.043859649122807015,-0.9473684210526315,0.07017543859649122,-0.6929824561403509,0.0,-0.5877192982456141
0,0.0,0.0,0.37606837606837606,-0.08547008547008547,0.7350427350427351,-0.4017094017094017,0.8205128205128205,-0.7692307692307693,0.6410256410256411,-0.9658119658119658,0.5213675213675214,-0.6837606837606838,0.6752136752136753,-0.8974358974358975,0.6581196581196581,-0.6495726495726496,0.5811965811965812,-0.5555555555555556,0.3076923076923077,-0.7435897435897436,0.4700854700854701,-0.9572649572649573,0.42735042735042733,-0.5982905982905983,0.3333333333333333,-0.5299145299145299,0.08547008547008547,-0.7692307692307693,0.23931623931623933,-1.0,0.23931623931623933,-0.6239316239316239,0.1452991452991453,-0.5128205128205128,-0.18803418803418803,-0.7606837606837606,-0.017094017094017096,-0.9487179487179487,0.03418803418803419,-0.6752136752136753,-0.017094017094017096,-0.5555555555555556
1,0.0,0.0,0.2383177570093458,-0.04205607476635514,0.4158878504672897,-0.16822429906542055,0.4766355140186916,-0.35514018691588783,0.49065420560747663,-0.5,0.34579439252336447,-0.4439252336448598,0.37850467289719625,-0.6588785046728972,0.3878504672897196,-0.7897196261682243,0.3925233644859813,-0.9018691588785047,0.22429906542056074,-0.49065420560747663,0.2616822429906542,-0.7336448598130841,0.2803738317757009,-0.883177570093458,0.29439252336448596,-1.0,0.11214953271028037,-0.4953271028037383,0.14018691588785046,-0.719626168224299,0.1588785046728972,-0.8598130841121495,0.17757009345794392,-0.9719626168224299,-0.014018691588785047,-0.46261682242990654,0.014018691588785047,-0.6448598130841121,0.04205607476635514,-0.7523364485981309,0.07009345794392523,-0.8504672897196262
1,0.0,0.0,0.2358490566037736,-0.03773584905660377,0.41509433962264153,-0.16981132075471697,0.47641509433962265,-0.35377358490566035,0.4858490566037736,-0.49528301886792453,0.33962264150943394,-0.4481132075471698,0.38207547169811323,-0.660377358490566,0.3867924528301887,-0.7924528301886793,0.39622641509433965,-0.9009433962264151,0.22641509433962265,-0.49528301886792453,0.2641509433962264,-0.7358490566037735,0.2830188679245283,-0.8820754716981132,0.2971698113207547,-1.0,0.1179245283018868,-0.49528301886792453,0.14150943396226415,-0.7216981132075472,0.1650943396226415,-0.8584905660377359,0.18396226415094338,-0.9716981132075472,-0.0047169811320754715,-0.46226415094339623,0.018867924528301886,-0.6367924528301887,0.04716981132075472,-0.7452830188679245,0.0660377358490566,-0.839622641509434
1,0.0,0.0,0.2358490566037736,-0.0330188679245283,0.419811320754717,-0.1650943396226415,0.49056603773584906,-0.33962264150943394,0.5377358490566038,-0.46226415094339623,0.33490566037735847,-0.45754716981132076,0.37264150943396224,-0.6650943396226415,0.38207547169811323,-0.7971698113207547,0.3867924528301887,-0.9056603773584906,0.22169811320754718,-0.5,0.25471698113207547,-0.7405660377358491,0.27358490566037735,-0.8867924528301887,0.28773584905660377,-1.0,0.10849056603773585,-0.5,0.13679245283018868,-0.7216981132075472,0.15566037735849056,-0.8584905660377359,0.16981132075471697,-0.9669811320754716,-0.009433962264150943,-0.46226415094339623,0.014150943396226415,-0.6367924528301887,0.03773584905660377,-0.7405660377358491,0.05660377358490566,-0.8349056603773585
1,0.0,0.0,0.23766816143497757,-0.04035874439461883,0.4260089686098655,-0.15246636771300448,0.5426008968609866,-0.3004484304932735,0.6233183856502242,-0.42152466367713004,0.3004484304932735,-0.47085201793721976,0.3273542600896861,-0.672645739910314,0.336322869955157,-0.7937219730941704,0.34080717488789236,-0.9013452914798207,0.18834080717488788,-0.5112107623318386,0.21524663677130046,-0.7354260089686099,0.23318385650224216,-0.8834080717488789,0.24663677130044842,-1.0,0.07623318385650224,-0.5022421524663677,0.09865470852017937,-0.7174887892376681,0.1210762331838565,-0.8475336322869955,0.14349775784753363,-0.9596412556053812,-0.04484304932735426,-0.4618834080717489,-0.02242152466367713,-0.6278026905829597,0.0,-0.726457399103139,0.026905829596412557,-0.820627802690583
1,0.0,0.0,0.23660714285714285,-0.04017857142857143,0.4330357142857143,-0.15178571428571427,0.5580357142857143,-0.29464285714285715,0.6607142857142857,-0.40625,0.30357142857142855,-0.4732142857142857,0.33482142857142855,-0.6785714285714286,0.3392857142857143,-0.8035714285714286,0.34375,-0.9107142857142857,0.19196428571428573,-0.5133928571428571,0.21428571428571427,-0.7410714285714286,0.22767857142857142,-0.8839285714285714,0.24107142857142858,-1.0,0.07589285714285714,-0.5089285714285714,0.09821428571428571,-0.71875,0.11607142857142858,-0.84375,0.13839285714285715,-0.9508928571428571,-0.04017857142857143,-0.46875,-0.022321428571428572,-0.6339285714285714,0.0,-0.7276785714285714,0.026785714285714284,-0.8125
1,0.0,0.0,0.2324561403508772,-0.05263157894736842,0.42543859649122806,-0.16228070175438597,0.5570175438596491,-0.3026315789473684,0.6491228070175439,-0.42105263157894735,0.29385964912280704,-0.4824561403508772,0.3157894736842105,-0.6885964912280702,0.3201754385964912,-0.8114035087719298,0.32456140350877194,-0.9122807017543859,0.17543859649122806,-0.5219298245614035,0.19736842105263158,-0.75,0.21052631578947367,-0.8903508771929824,0.2236842105263158,-1.0,0.06140350877192982,-0.5131578947368421,0.07894736842105263,-0.7236842105263158,0.09649122807017543,-0.8464912280701754,0.11842105263157894,-0.9473684210526315,-0.05701754385964912,-0.47368421052631576,-0.04824561403508772,-0.6359649122807017,-0.02631578947368421,-0.7280701754385965,0.0043859649122807015,-0.8070175438596491
1,0.0,0.0,0.23788546255506607,-0.039647577092511016,0.45374449339207046,-0.13656387665198239,0.6167400881057269,-0.24669603524229075,0.7400881057268722,-0.31277533039647576,0.3303964757709251,-0.4845814977973568,0.3876651982378855,-0.6784140969162996,0.41409691629955947,-0.801762114537445,0.43171806167400884,-0.8986784140969163,0.2026431718061674,-0.5330396475770925,0.24669603524229075,-0.7665198237885462,0.2775330396475771,-0.8986784140969163,0.30837004405286345,-1.0,0.07929515418502203,-0.5330396475770925,0.0881057268722467,-0.748898678414097,0.10572687224669604,-0.8722466960352423,0.13656387665198239,-0.9691629955947136,-0.05286343612334802,-0.4889867841409692,-0.10572687224669604,-0.6255506607929515,-0.12334801762114538,-0.7004405286343612,-0.13215859030837004,-0.762114537444934
1,0.0,0.0,0.23684210526315788,-0.043859649122807015,0.4517543859649123,-0.14035087719298245,0.6140350877192983,-0.25,0.7412280701754386,-0.3157894736842105,0.32894736842105265,-0.4780701754385965,0.42105263157894735,-0.6666666666666666,0.4780701754385965,-0.7850877192982456,0.5219298245614035,-0.8771929824561403,0.19736842105263158,-0.5350877192982456,0.2412280701754386,-0.7587719298245614,0.27631578947368424,-0.8947368421052632,0.3026315789473684,-1.0,0.07017543859649122,-0.5307017543859649,0.05263157894736842,-0.7280701754385965,0.05263157894736842,-0.8552631578947368,0.06140350877192982,-0.956140350877193,-0.06140350877192982,-0.4780701754385965,-0.12280701754385964,-0.5964912280701754,-0.15350877192982457,-0.6666666666666666,-0.17543859649122806,-0.7236842105263158
1,0.0,0.0,0.23580786026200873,-0.0611353711790393,0.44541484716157204,-0.1615720524017467,0.6157205240174672,-0.27074235807860264,0.74235807860262,-0.34497816593886466,0.314410480349345,-0.5021834061135371,0.40611353711790393,-0.6899563318777293,0.462882096069869,-0.7947598253275109,0.5109170305676856,-0.8820960698689956,0.17903930131004367,-0.5545851528384279,0.2183406113537118,-0.777292576419214,0.24890829694323144,-0.8995633187772926,0.27510917030567683,-1.0,0.048034934497816595,-0.5458515283842795,0.008733624454148471,-0.7379912663755459,-0.004366812227074236,-0.8558951965065502,-0.008733624454148471,-0.9519650655021834,-0.08296943231441048,-0.49344978165938863,-0.1572052401746725,-0.611353711790393,-0.19213973799126638,-0.6462882096069869,-0.22270742358078602,-0.6724890829694323
1,0.0,0.0,0.22844827586206898,-0.0603448275862069,0.4396551724137931,-0.16379310344827586,0.6077586206896551,-0.27155172413793105,0.7370689655172413,-0.33620689655172414,0.30603448275862066,-0.5,0.3922413793103448,-0.6939655172413793,0.44396551724137934,-0.8060344827586207,0.4827586206896552,-0.9008620689655172,0.16810344827586207,-0.5431034482758621,0.1939655172413793,-0.771551724137931,0.21551724137931033,-0.896551724137931,0.22844827586206898,-1.0,0.03879310344827586,-0.5301724137931034,-0.004310344827586207,-0.7241379310344828,-0.017241379310344827,-0.8362068965517241,-0.02586206896551724,-0.9267241379310345,-0.09051724137931035,-0.47844827586206895,-0.1724137931034483,-0.5948275862068966,-0.21120689655172414,-0.625,-0.2413793103448276,-0.6422413793103449
1,0.0,0.0,0.22767857142857142,-0.06696428571428571,0.4017857142857143,-0.21428571428571427,0.5,-0.36160714285714285,0.5803571428571429,-0.45089285714285715,0.27232142857142855,-0.48660714285714285,0.3080357142857143,-0.6785714285714286,0.3125,-0.7901785714285714,0.32142857142857145,-0.8839285714285714,0.14732142857142858,-0.5267857142857143,0.16071428571428573,-0.7544642857142857,0.16964285714285715,-0.8928571428571429,0.17857142857142858,-1.0,0.03571428571428571,-0.5178571428571429,0.03125,-0.7276785714285714,0.044642857142857144,-0.8526785714285714,0.0625,-0.9598214285714286,-0.08482142857142858,-0.46875,-0.11607142857142858,-0.6205357142857143,-0.12053571428571429,-0.71875,-0.11160714285714286,-0.8035714285714286
1,0.0,0.0,0.2398190045248869,-0.05429864253393665,0.4298642533936652,-0.19457013574660634,0.5475113122171946,-0.34841628959276016,0.6606334841628959,-0.4298642533936652,0.27601809954751133,-0.497737556561086,0.3167420814479638,-0.6968325791855203,0.33031674208144796,-0.8099547511312217,0.3393665158371041,-0.9049773755656109,0.15384615384615385,-0.5339366515837104,0.17647058823529413,-0.7601809954751131,0.19457013574660634,-0.8959276018099548,0.20361990950226244,-1.0,0.03167420814479638,-0.5203619909502263,0.03619909502262444,-0.7239819004524887,0.04072398190045249,-0.8506787330316742,0.05429864253393665,-0.9547511312217195,-0.09049773755656108,-0.4751131221719457,-0.13574660633484162,-0.6244343891402715,-0.16289592760180996,-0.7194570135746606,-0.17194570135746606,-0.8054298642533937
1,0.0,0.0,0.23318385650224216,-0.04932735426008968,0.42152466367713004,-0.16591928251121077,0.5381165919282511,-0.30493273542600896,0.6367713004484304,-0.38565022421524664,0.27802690582959644,-0.4977578475336323,0.3452914798206278,-0.6905829596412556,0.3811659192825112,-0.8026905829596412,0.4080717488789238,-0.8968609865470852,0.14798206278026907,-0.5426008968609866,0.17937219730941703,-0.7668161434977578,0.2062780269058296,-0.9013452914798207,0.2242152466367713,-1.0,0.026905829596412557,-0.5246636771300448,0.008968609865470852,-0.7309417040358744,0.004484304932735426,-0.8565022421524664,0.004484304932735426,-0.9641255605381166,-0.09865470852017937,-0.47085201793721976,-0.17040358744394618,-0.5964125560538116,-0.21076233183856502,-0.6636771300448431,-0.23766816143497757,-0.7219730941704036
1,0.0,0.0,0.22869955156950672,-0.04484304932735426,0.4125560538116592,-0.17040358744394618,0.5067264573991032,-0.3004484304932735,0.5919282511210763,-0.3811659192825112,0.273542600896861,-0.4798206278026906,0.3183856502242152,-0.672645739910314,0.336322869955157,-0.7892376681614349,0.34977578475336324,-0.8878923766816144,0.14349775784753363,-0.5291479820627802,0.17040358744394618,-0.7533632286995515,0.17937219730941703,-0.8923766816143498,0.17937219730941703,-1.0,0.017937219730941704,-0.5246636771300448,-0.013452914798206279,-0.7309417040358744,-0.03139013452914798,-0.8609865470852018,-0.04484304932735426,-0.9730941704035875,-0.10762331838565023,-0.47085201793721976,-0.18834080717488788,-0.6053811659192825,-0.23766816143497757,-0.6905829596412556,-0.27802690582959644,-0.7668161434977578
1,0.0,0.0,0.22727272727272727,-0.045454545454545456,0.39545454545454545,-0.1590909090909091,0.4818181818181818,-0.29545454545454547,0.55,-0.39090909090909093,0.25,-0.4909090909090909,0.2863636363636364,-0.6909090909090909,0.2909090909090909,-0.8136363636363636,0.2863636363636364,-0.9136363636363637,0.1318181818181818,-0.5318181818181819,0.16818181818181818,-0.7545454545454545,0.18181818181818182,-0.8954545454545455,0.18636363636363637,-1.0,0.013636363636363636,-0.5227272727272727,0.022727272727272728,-0.7454545454545455,0.02727272727272727,-0.8818181818181818,0.031818181818181815,-0.990909090909091,-0.10909090909090909,-0.4772727272727273,-0.17272727272727273,-0.6363636363636364,-0.20909090909090908,-0.740909090909091,-0.2318181818181818,-0.8363636363636363
1,0.0,0.0,0.22624434389140272,-0.03619909502262444,0.3936651583710407,-0.1493212669683258,0.4751131221719457,-0.2850678733031674,0.5520361990950227,-0.3755656108597285,0.2398190045248869,-0.4796380090497738,0.31221719457013575,-0.6606334841628959,0.3438914027149321,-0.7782805429864253,0.36199095022624433,-0.8778280542986425,0.11764705882352941,-0.5294117647058824,0.15384615384615385,-0.755656108597285,0.16289592760180996,-0.8914027149321267,0.167420814479638,-1.0,0.0,-0.5203619909502263,-0.013574660633484163,-0.7375565610859729,-0.027149321266968326,-0.8778280542986425,-0.03619909502262444,-0.995475113122172,-0.12217194570135746,-0.4660633484162896,-0.19909502262443438,-0.6108597285067874,-0.24434389140271492,-0.7058823529411765,-0.27149321266968324,-0.7918552036199095
1,0.0,0.0,0.22767857142857142,-0.04017857142857143,0.39732142857142855,-0.14732142857142858,0.49107142857142855,-0.2767857142857143,0.5669642857142857,-0.36160714285714285,0.23214285714285715,-0.4642857142857143,0.3125,-0.6294642857142857,0.35267857142857145,-0.7410714285714286,0.38392857142857145,-0.8303571428571429,0.10267857142857142,-0.5223214285714286,0.08928571428571429,-0.7589285714285714,0.07589285714285714,-0.8928571428571429,0.05803571428571429,-1.0,-0.008928571428571428,-0.5223214285714286,-0.0625,-0.7410714285714286,-0.10267857142857142,-0.8794642857142857,-0.14285714285714285,-1.0,-0.11160714285714286,-0.46875,-0.21875,-0.6160714285714286,-0.29017857142857145,-0.7008928571428571,-0.3482142857142857,-0.7767857142857143
1,0.0,0.0,0.2236842105263158,-0.05263157894736842,0.3815789473684211,-0.17982456140350878,0.4605263157894737,-0.32456140350877194,0.5350877192982456,-0.42543859649122806,0.2149122807017544,-0.4692982456140351,0.2894736842105263,-0.631578947368421,0.32894736842105265,-0.7456140350877193,0.3508771929824561,-0.8421052631578947,0.09210526315789473,-0.5219298245614035,0.07017543859649122,-0.7587719298245614,0.05701754385964912,-0.8903508771929824,0.03508771929824561,-0.9912280701754386,-0.021929824561403508,-0.5219298245614035,-0.06140350877192982,-0.7456140350877193,-0.09210526315789473,-0.881578947368421,-0.11842105263157894,-1.0,-0.12280701754385964,-0.4692982456140351,-0.21929824561403508,-0.6271929824561403,-0.27631578947368424,-0.7236842105263158,-0.32456140350877194,-0.8157894736842105
1,0.0,0.0,0.2186046511627907,-0.08837209302325581,0.3209302325581395,-0.2744186046511628,0.32558139534883723,-0.4511627906976744,0.34418604651162793,-0.5813953488372093,0.21395348837209302,-0.4604651162790698,0.2372093023255814,-0.6651162790697674,0.23255813953488372,-0.7953488372093023,0.22325581395348837,-0.9069767441860465,0.11162790697674418,-0.4883720930232558,0.12558139534883722,-0.7162790697674418,0.12093023255813953,-0.8744186046511628,0.11162790697674418,-1.0,0.009302325581395349,-0.4790697674418605,0.027906976744186046,-0.7116279069767442,0.027906976744186046,-0.8604651162790697,0.027906976744186046,-0.986046511627907,-0.09302325581395349,-0.4418604651162791,-0.08372093023255814,-0.6093023255813953,-0.08372093023255814,-0.7255813953488373,-0.07906976744186046,-0.8232558139534883
1,0.0,0.0,0.23671497584541062,-0.06763285024154589,0.36231884057971014,-0.19806763285024154,0.3719806763285024,-0.33816425120772947,0.36231884057971014,-0.4492753623188406,0.22705314009661837,-0.4830917874396135,0.23671497584541062,-0.6811594202898551,0.21739130434782608,-0.8067632850241546,0.18840579710144928,-0.9033816425120773,0.13043478260869565,-0.5169082125603864,0.13043478260869565,-0.748792270531401,0.0966183574879227,-0.893719806763285,0.057971014492753624,-1.0,0.033816425120772944,-0.5169082125603864,0.024154589371980676,-0.7342995169082126,0.004830917874396135,-0.8599033816425121,-0.033816425120772944,-0.961352657004831,-0.07729468599033816,-0.4830917874396135,-0.07246376811594203,-0.6618357487922706,-0.07729468599033816,-0.7681159420289855,-0.09178743961352658,-0.855072463768116
1,0.0,0.0,0.245,-0.065,0.375,-0.2,0.385,-0.35,0.385,-0.455,0.23,-0.49,0.24,-0.695,0.22,-0.815,0.195,-0.91,0.11,-0.53,0.115,-0.76,0.09,-0.9,0.055,-1.0,0.0,-0.525,-0.01,-0.735,-0.025,-0.86,-0.05,-0.955,-0.12,-0.475,-0.125,-0.655,-0.125,-0.75,-0.13,-0.83
1,0.0,0.0,0.2398190045248869,-0.05429864253393665,0.4298642533936652,-0.17647058823529413,0.5429864253393665,-0.3167420814479638,0.6470588235294118,-0.416289592760181,0.25339366515837103,-0.5113122171945701,0.3257918552036199,-0.7058823529411765,0.3665158371040724,-0.8190045248868778,0.39819004524886875,-0.918552036199095,0.11764705882352941,-0.5565610859728507,0.167420814479638,-0.7692307692307693,0.19909502262443438,-0.9004524886877828,0.22171945701357465,-1.0,-0.01809954751131222,-0.5429864253393665,-0.04524886877828054,-0.7375565610859729,-0.06334841628959276,-0.8506787330316742,-0.07239819004524888,-0.9411764705882353,-0.14479638009049775,-0.48868778280542985,-0.23529411764705882,-0.6018099547511312,-0.2850678733031674,-0.6561085972850679,-0.3257918552036199,-0.7013574660633484
1,0.0,0.0,0.2409090909090909,-0.05909090909090909,0.43636363636363634,-0.17272727272727273,0.5636363636363636,-0.3,0.6727272727272727,-0.38636363636363635,0.24545454545454545,-0.5136363636363637,0.3181818181818182,-0.7045454545454546,0.36363636363636365,-0.8227272727272728,0.39545454545454545,-0.9181818181818182,0.10909090909090909,-0.5545454545454546,0.15454545454545454,-0.7727272727272727,0.18636363636363637,-0.9,0.20454545454545456,-1.0,-0.022727272727272728,-0.5363636363636364,-0.05,-0.7363636363636363,-0.06818181818181818,-0.8545454545454545,-0.07272727272727272,-0.9454545454545454,-0.14545454545454545,-0.4818181818181818,-0.23636363636363636,-0.6,-0.2909090909090909,-0.6681818181818182,-0.33636363636363636,-0.7227272727272728
1,0.0,0.0,0.2535885167464115,-0.04784688995215311,0.4354066985645933,-0.15789473684210525,0.5406698564593302,-0.2966507177033493,0.6363636363636364,-0.39712918660287083,0.2535885167464115,-0.49760765550239233,0.2966507177033493,-0.6889952153110048,0.31100478468899523,-0.8038277511961722,0.31100478468899523,-0.9043062200956937,0.11961722488038277,-0.5406698564593302,0.11483253588516747,-0.7751196172248804,0.09569377990430622,-0.9043062200956937,0.07177033492822966,-1.0,-0.004784688995215311,-0.5358851674641149,-0.023923444976076555,-0.7416267942583732,-0.03827751196172249,-0.861244019138756,-0.05263157894736842,-0.9569377990430622,-0.11961722488038277,-0.4880382775119617,-0.14354066985645933,-0.6507177033492823,-0.15311004784688995,-0.7511961722488039,-0.15789473684210525,-0.8373205741626795
1,0.0,0.0,0.2328767123287671,-0.045662100456621,0.410958904109589,-0.1598173515981735,0.502283105022831,-0.2968036529680365,0.593607305936073,-0.3835616438356164,0.2328767123287671,-0.4703196347031963,0.2785388127853881,-0.6621004566210046,0.2968036529680365,-0.776255707762557,0.3105022831050228,-0.8767123287671232,0.1050228310502283,-0.5159817351598174,0.1050228310502283,-0.7488584474885844,0.091324200913242,-0.8904109589041096,0.0730593607305936,-1.0,-0.0136986301369863,-0.5114155251141552,-0.0273972602739726,-0.726027397260274,-0.0365296803652968,-0.8538812785388128,-0.045662100456621,-0.9634703196347032,-0.136986301369863,-0.4703196347031963,-0.1643835616438356,-0.6301369863013698,-0.182648401826484,-0.730593607305936,-0.1872146118721461,-0.821917808219178
1,0.0,0.0,0.20920502092050208,-0.06276150627615062,0.3514644351464435,-0.18828451882845187,0.4309623430962343,-0.3179916317991632,0.5104602510460251,-0.41422594142259417,0.18410041841004185,-0.4769874476987448,0.2510460251046025,-0.6569037656903766,0.2803347280334728,-0.7740585774058577,0.29707112970711297,-0.8744769874476988,0.07531380753138076,-0.5230125523012552,0.1087866108786611,-0.7489539748953975,0.1297071129707113,-0.8870292887029289,0.13389121338912133,-1.0,-0.029288702928870293,-0.5146443514644351,-0.0502092050209205,-0.7280334728033473,-0.05439330543933055,-0.8702928870292888,-0.06276150627615062,-0.9874476987447699,-0.1297071129707113,-0.46443514644351463,-0.21338912133891214,-0.6150627615062761,-0.2594142259414226,-0.7238493723849372,-0.29707112970711297,-0.8158995815899581
1,0.0,0.0,0.18930041152263374,-0.09053497942386832,0.3004115226337449,-0.24279835390946503,0.37037037037037035,-0.37037037037037035,0.43621399176954734,-0.4609053497942387,0.13580246913580246,-0.5020576131687243,0.19753086419753085,-0.6872427983539094,0.23045267489711935,-0.8065843621399177,0.24691358024691357,-0.9053497942386831,0.037037037037037035,-0.5308641975308642,0.07407407407407407,-0.7530864197530864,0.09465020576131687,-0.8930041152263375,0.10699588477366255,-1.0,-0.05761316872427984,-0.5185185185185185,-0.06172839506172839,-0.7366255144032922,-0.05761316872427984,-0.8724279835390947,-0.053497942386831275,-0.9835390946502057,-0.1522633744855967,-0.4732510288065844,-0.23045267489711935,-0.6213991769547325,-0.2674897119341564,-0.7242798353909465,-0.2962962962962963,-0.8106995884773662
1,0.0,0.0,-0.15810276679841898,-0.1225296442687747,-0.2727272727272727,-0.26877470355731226,-0.3675889328063241,-0.42292490118577075,-0.4505928853754941,-0.5335968379446641,-0.06324110671936758,-0.4782608695652174,-0.08695652173913043,-0.7272727272727273,-0.09090909090909091,-0.8656126482213439,-0.07905138339920949,-0.9762845849802372,0.06719367588932806,-0.48221343873517786,0.1067193675889328,-0.7391304347826086,0.13438735177865613,-0.8893280632411067,0.16205533596837945,-1.0,0.16996047430830039,-0.43873517786561267,0.22924901185770752,-0.6521739130434783,0.2727272727272727,-0.7905138339920948,0.30039525691699603,-0.8932806324110671,0.24110671936758893,-0.3715415019762846,0.3241106719367589,-0.4980237154150198,0.37549407114624506,-0.5810276679841897,0.42292490118577075,-0.6521739130434783
1,0.0,0.0,-0.15810276679841898,-0.12648221343873517,-0.2727272727272727,-0.28063241106719367,-0.35177865612648224,-0.43873517786561267,-0.4268774703557312,-0.5573122529644269,-0.05533596837944664,-0.48221343873517786,-0.07114624505928854,-0.7272727272727273,-0.06324110671936758,-0.8616600790513834,-0.05138339920948617,-0.9723320158102767,0.07114624505928854,-0.4743083003952569,0.11857707509881422,-0.7312252964426877,0.15019762845849802,-0.8814229249011858,0.18181818181818182,-1.0,0.17391304347826086,-0.4268774703557312,0.22924901185770752,-0.6403162055335968,0.26877470355731226,-0.782608695652174,0.2924901185770751,-0.8893280632411067,0.2490118577075099,-0.36363636363636365,0.33201581027667987,-0.4980237154150198,0.3794466403162055,-0.5849802371541502,0.42292490118577075,-0.6640316205533597
1,0.0,0.0,-0.15873015873015872,-0.13095238095238096,-0.27380952380952384,-0.29365079365079366,-0.3492063492063492,-0.4523809523809524,-0.4166666666666667,-0.5714285714285714,-0.05555555555555555,-0.47619047619047616,-0.06746031746031746,-0.7222222222222222,-0.06349206349206349,-0.8611111111111112,-0.051587301587301584,-0.9722222222222222,0.06746031746031746,-0.4722222222222222,0.12698412698412698,-0.7301587301587301,0.16666666666666666,-0.8849206349206349,0.20238095238095238,-1.0,0.17063492063492064,-0.4246031746031746,0.23809523809523808,-0.6428571428571429,0.28174603174603174,-0.7857142857142857,0.31746031746031744,-0.8888888888888888,0.25,-0.3611111111111111,0.32936507936507936,-0.503968253968254,0.373015873015873,-0.5952380952380952,0.4126984126984127,-0.6746031746031746
1,0.0,0.0,-0.16326530612244897,-0.13877551020408163,-0.27346938775510204,-0.3020408163265306,-0.33877551020408164,-0.46122448979591835,-0.4,-0.5836734693877551,-0.04897959183673469,-0.4816326530612245,-0.044897959183673466,-0.7346938775510204,-0.02857142857142857,-0.8775510204081632,-0.012244897959183673,-0.9877551020408163,0.07755102040816327,-0.46938775510204084,0.1469387755102041,-0.726530612244898,0.19183673469387755,-0.8816326530612245,0.23673469387755103,-1.0,0.1836734693877551,-0.4163265306122449,0.2653061224489796,-0.6285714285714286,0.3183673469387755,-0.7673469387755102,0.363265306122449,-0.8653061224489796,0.2693877551020408,-0.3510204081632653,0.3551020408163265,-0.4897959183673469,0.40816326530612246,-0.5755102040816327,0.4530612244897959,-0.6489795918367347
1,0.0,0.0,-0.16153846153846155,-0.1346153846153846,-0.2692307692307692,-0.29615384615384616,-0.3346153846153846,-0.46153846153846156,-0.4,-0.5846153846153846,-0.04230769230769231,-0.4807692307692308,-0.04230769230769231,-0.7269230769230769,-0.03461538461538462,-0.8615384615384616,-0.015384615384615385,-0.9730769230769231,0.08076923076923077,-0.4653846153846154,0.1423076923076923,-0.7230769230769231,0.18461538461538463,-0.8769230769230769,0.22692307692307692,-1.0,0.18076923076923077,-0.4153846153846154,0.25384615384615383,-0.6269230769230769,0.3038461538461538,-0.7692307692307693,0.3423076923076923,-0.8769230769230769,0.25769230769230766,-0.35,0.3423076923076923,-0.48846153846153845,0.3923076923076923,-0.573076923076923,0.4423076923076923,-0.6461538461538462
2,0.0,0.0,0.18253968253968253,-0.15079365079365079,0.2698412698412698,-0.3253968253968254,0.31746031746031744,-0.47619047619047616,0.3333333333333333,-0.6111111111111112,0.09126984126984126,-0.5634920634920635,0.10714285714285714,-0.746031746031746,0.10317460317460317,-0.8809523809523809,0.09126984126984126,-1.0,0.003968253968253968,-0.5555555555555556,0.25396825396825395,-0.5873015873015873,0.31746031746031744,-0.4166666666666667,0.3055555555555556,-0.30158730158730157,-0.05555555555555555,-0.5079365079365079,0.20238095238095238,-0.5238095238095238,0.25396825396825395,-0.36507936507936506,0.23809523809523808,-0.25793650793650796,-0.0992063492063492,-0.43253968253968256,0.0992063492063492,-0.4801587301587302,0.1746031746031746,-0.376984126984127,0.19444444444444445,-0.2896825396825397
2,0.0,0.0,0.18110236220472442,-0.15748031496062992,0.2677165354330709,-0.33070866141732286,0.3188976377952756,-0.47244094488188976,0.33858267716535434,-0.610236220472441,0.09055118110236221,-0.562992125984252,0.1141732283464567,-0.7440944881889764,0.11023622047244094,-0.8818897637795275,0.10236220472440945,-1.0,0.007874015748031496,-0.5551181102362205,0.25984251968503935,-0.5826771653543307,0.3228346456692913,-0.41732283464566927,0.31496062992125984,-0.3031496062992126,-0.051181102362204724,-0.5078740157480315,0.20866141732283464,-0.5196850393700787,0.25984251968503935,-0.3700787401574803,0.25196850393700787,-0.2677165354330709,-0.09055118110236221,-0.4330708661417323,0.10236220472440945,-0.4763779527559055,0.18110236220472442,-0.3779527559055118,0.2047244094488189,-0.2952755905511811
2,0.0,0.0,0.18359375,-0.15625,0.2734375,-0.33203125,0.32421875,-0.4765625,0.33984375,-0.61328125,0.1015625,-0.5625,0.1171875,-0.75,0.1171875,-0.8828125,0.10546875,-1.0,0.015625,-0.5546875,0.26171875,-0.5859375,0.32421875,-0.4140625,0.3125,-0.3046875,-0.04296875,-0.5078125,0.20703125,-0.5234375,0.2578125,-0.3671875,0.2421875,-0.26171875,-0.0859375,-0.43359375,0.109375,-0.48046875,0.1796875,-0.375,0.19140625,-0.29296875
2,0.0,0.0,0.17829457364341086,-0.1511627906976744,0.26744186046511625,-0.32170542635658916,0.32170542635658916,-0.46511627906976744,0.32558139534883723,-0.6007751937984496,0.10077519379844961,-0.5542635658914729,0.1124031007751938,-0.7403100775193798,0.10465116279069768,-0.875968992248062,0.08914728682170543,-1.0,0.015503875968992248,-0.5503875968992248,0.2596899224806202,-0.5813953488372093,0.3178294573643411,-0.4069767441860465,0.3023255813953488,-0.29457364341085274,-0.050387596899224806,-0.5038759689922481,0.2054263565891473,-0.5193798449612403,0.25193798449612403,-0.36046511627906974,0.2364341085271318,-0.2596899224806202,-0.09302325581395349,-0.43410852713178294,0.09689922480620156,-0.4728682170542636,0.1744186046511628,-0.37209302325581395,0.1937984496124031,-0.29069767441860467
2,0.0,0.0,0.17307692307692307,-0.15384615384615385,0.26153846153846155,-0.3230769230769231,0.3153846153846154,-0.4653846153846154,0.33076923076923076,-0.6038461538461538,0.1,-0.5538461538461539,0.12307692307692308,-0.7423076923076923,0.12307692307692308,-0.8807692307692307,0.11538461538461539,-1.0,0.007692307692307693,-0.55,0.25,-0.573076923076923,0.3153846153846154,-0.4076923076923077,0.3076923076923077,-0.29615384615384616,-0.05384615384615385,-0.5,0.19230769230769232,-0.5115384615384615,0.24615384615384617,-0.36153846153846153,0.23846153846153847,-0.25769230769230766,-0.1,-0.4230769230769231,0.08846153846153847,-0.46153846153846156,0.16538461538461538,-0.36923076923076925,0.18076923076923077,-0.28846153846153844
2,0.0,0.0,0.18045112781954886,-0.15413533834586465,0.2669172932330827,-0.3233082706766917,0.31954887218045114,-0.462406015037594,0.3458646616541353,-0.6015037593984962,0.09774436090225563,-0.5601503759398496,0.13157894736842105,-0.7481203007518797,0.13533834586466165,-0.8796992481203008,0.13157894736842105,-1.0,0.011278195488721804,-0.5488721804511278,0.2631578947368421,-0.5714285714285714,0.31954887218045114,-0.40601503759398494,0.30451127819548873,-0.30451127819548873,-0.045112781954887216,-0.48872180451127817,0.21428571428571427,-0.5037593984962406,0.2593984962406015,-0.3533834586466165,0.24060150375939848,-0.2593984962406015,-0.08270676691729323,-0.40601503759398494,0.11278195488721804,-0.45864661654135336,0.18421052631578946,-0.36466165413533835,0.19924812030075187,-0.2894736842105263
2,0.0,0.0,0.1811320754716981,-0.15849056603773584,0.2641509433962264,-0.3320754716981132,0.32075471698113206,-0.4679245283018868,0.3471698113207547,-0.6075471698113207,0.09433962264150944,-0.5660377358490566,0.12075471698113208,-0.7471698113207547,0.12830188679245283,-0.8830188679245283,0.12830188679245283,-1.0,0.011320754716981131,-0.5547169811320755,0.27169811320754716,-0.5773584905660377,0.3320754716981132,-0.41132075471698115,0.3132075471698113,-0.30943396226415093,-0.04150943396226415,-0.4981132075471698,0.2188679245283019,-0.5094339622641509,0.2641509433962264,-0.35471698113207545,0.24528301886792453,-0.26037735849056604,-0.07924528301886792,-0.4188679245283019,0.11320754716981132,-0.4679245283018868,0.1811320754716981,-0.37358490566037733,0.19245283018867926,-0.2981132075471698
2,0.0,0.0,0.18250950570342206,-0.1596958174904943,0.2737642585551331,-0.33460076045627374,0.33460076045627374,-0.4714828897338403,0.3650190114068441,-0.6121673003802282,0.09885931558935361,-0.5665399239543726,0.12167300380228137,-0.7452471482889734,0.12167300380228137,-0.8783269961977186,0.11787072243346007,-1.0,0.019011406844106463,-0.5551330798479087,0.27756653992395436,-0.5893536121673004,0.34600760456273766,-0.42585551330798477,0.3269961977186312,-0.3231939163498099,-0.034220532319391636,-0.5019011406844106,0.22813688212927757,-0.5209125475285171,0.2813688212927757,-0.3726235741444867,0.2623574144486692,-0.2813688212927757,-0.06844106463878327,-0.4220532319391635,0.12167300380228137,-0.4752851711026616,0.19771863117870722,-0.3840304182509506,0.20912547528517111,-0.30798479087452474
2,0.0,0.0,0.19615384615384615,-0.16923076923076924,0.2846153846153846,-0.35,0.3384615384615385,-0.48846153846153845,0.3730769230769231,-0.6269230769230769,0.10384615384615385,-0.5769230769230769,0.12307692307692308,-0.7538461538461538,0.1346153846153846,-0.8846153846153846,0.1423076923076923,-1.0,0.03076923076923077,-0.5692307692307692,0.3,-0.6038461538461538,0.36153846153846153,-0.43846153846153846,0.3423076923076923,-0.3346153846153846,-0.019230769230769232,-0.5153846153846153,0.25384615384615383,-0.5346153846153846,0.3,-0.38076923076923075,0.27692307692307694,-0.2923076923076923,-0.046153846153846156,-0.4346153846153846,0.14615384615384616,-0.48846153846153845,0.2230769230769231,-0.39615384615384613,0.23461538461538461,-0.3153846153846154
2,0.0,0.0,0.1893939393939394,-0.16287878787878787,0.2803030303030303,-0.3371212121212121,0.32954545454545453,-0.4734848484848485,0.36363636363636365,-0.6098484848484849,0.10227272727272728,-0.5643939393939394,0.12121212121212122,-0.7462121212121212,0.13257575757575757,-0.8825757575757576,0.14015151515151514,-1.0,0.026515151515151516,-0.553030303030303,0.2916666666666667,-0.5833333333333334,0.3560606060606061,-0.42803030303030304,0.3409090909090909,-0.32196969696969696,-0.015151515151515152,-0.5,0.25,-0.5189393939393939,0.29924242424242425,-0.3712121212121212,0.2803030303030303,-0.2765151515151515,-0.03787878787878788,-0.42424242424242425,0.1553030303030303,-0.4772727272727273,0.22727272727272727,-0.38636363636363635,0.24242424242424243,-0.3068181818181818
2,0.0,0.0,0.20703125,-0.16796875,0.3046875,-0.3359375,0.3671875,-0.47265625,0.40234375,-0.61328125,0.10546875,-0.57421875,0.13671875,-0.75390625,0.1640625,-0.890625,0.1875,-1.0,0.03515625,-0.56640625,0.3046875,-0.5859375,0.37890625,-0.4296875,0.3671875,-0.3203125,-0.0078125,-0.51171875,0.2734375,-0.51953125,0.32421875,-0.3671875,0.30859375,-0.265625,-0.02734375,-0.4375,0.17578125,-0.484375,0.25390625,-0.3984375,0.27734375,-0.3203125
2,0.0,0.0,0.21235521235521235,-0.17374517374517376,0.3127413127413127,-0.33976833976833976,0.3783783783783784,-0.47104247104247104,0.416988416988417,-0.61003861003861,0.11969111969111969,-0.5714285714285714,0.15444015444015444,-0.752895752895753,0.17374517374517376,-0.888030888030888,0.18146718146718147,-1.0,0.05019305019305019,-0.5675675675675675,0.32432432432432434,-0.5868725868725869,0.38996138996138996,-0.4247104247104247,0.3745173745173745,-0.3166023166023166,0.007722007722007722,-0.5135135135135135,0.28957528957528955,-0.5173745173745173,0.3359073359073359,-0.36293436293436293,0.3127413127413127,-0.26640926640926643,-0.003861003861003861,-0.4362934362934363,0.20077220077220076,-0.4864864864864865,0.2702702702702703,-0.39768339768339767,0.28185328185328185,-0.3204633204633205
2,0.0,0.0,0.20532319391634982,-0.17110266159695817,0.30038022813688214,-0.34220532319391633,0.3612167300380228,-0.4752851711026616,0.4144486692015209,-0.6045627376425855,0.11787072243346007,-0.5741444866920152,0.1482889733840304,-0.7490494296577946,0.16730038022813687,-0.8821292775665399,0.17490494296577946,-1.0,0.049429657794676805,-0.5665399239543726,0.3231939163498099,-0.5779467680608364,0.39543726235741444,-0.41825095057034223,0.3840304182509506,-0.30798479087452474,0.011406844106463879,-0.5133079847908745,0.29277566539923955,-0.5133079847908745,0.34220532319391633,-0.3612167300380228,0.3193916349809886,-0.2623574144486692,-0.0038022813688212928,-0.43346007604562736,0.21673003802281368,-0.4752851711026616,0.28517110266159695,-0.38022813688212925,0.29277566539923955,-0.30038022813688214
2,0.0,0.0,0.17228464419475656,-0.18352059925093633,0.250936329588015,-0.36329588014981273,0.30711610486891383,-0.5056179775280899,0.352059925093633,-0.6329588014981273,0.0749063670411985,-0.5805243445692884,0.10112359550561797,-0.7490636704119851,0.11235955056179775,-0.8838951310861424,0.11235955056179775,-1.0,0.0,-0.5692883895131086,0.26591760299625467,-0.602996254681648,0.3258426966292135,-0.45318352059925093,0.30337078651685395,-0.352059925093633,-0.04119850187265917,-0.5168539325842697,0.2247191011235955,-0.5393258426966292,0.26591760299625467,-0.3970037453183521,0.24344569288389514,-0.30337078651685395,-0.06367041198501873,-0.43820224719101125,0.13857677902621723,-0.4868913857677903,0.20599250936329588,-0.40074906367041196,0.2209737827715356,-0.3258426966292135
2,0.0,0.0,0.16044776119402984,-0.17537313432835822,0.24253731343283583,-0.35074626865671643,0.2873134328358209,-0.4925373134328358,0.29850746268656714,-0.6231343283582089,0.06343283582089553,-0.5597014925373134,0.08582089552238806,-0.75,0.08955223880597014,-0.8843283582089553,0.09328358208955224,-1.0,-0.022388059701492536,-0.5447761194029851,0.22761194029850745,-0.5932835820895522,0.291044776119403,-0.43283582089552236,0.27238805970149255,-0.3246268656716418,-0.08582089552238806,-0.4962686567164179,0.17537313432835822,-0.5261194029850746,0.22388059701492538,-0.376865671641791,0.208955223880597,-0.2873134328358209,-0.13432835820895522,-0.417910447761194,0.055970149253731345,-0.47388059701492535,0.1417910447761194,-0.3880597014925373,0.16791044776119404,-0.31343283582089554
2,0.0,0.0,0.17557251908396945,-0.16793893129770993,0.2595419847328244,-0.3549618320610687,0.29389312977099236,-0.5076335877862596,0.3015267175572519,-0.648854961832061,0.08396946564885496,-0.5725190839694656,0.10305343511450382,-0.7595419847328244,0.09923664122137404,-0.8854961832061069,0.0916030534351145,-1.0,-0.003816793893129771,-0.5687022900763359,0.22137404580152673,-0.6106870229007634,0.2824427480916031,-0.44656488549618323,0.2748091603053435,-0.33587786259541985,-0.07633587786259542,-0.5229007633587787,0.15648854961832062,-0.5458015267175572,0.20610687022900764,-0.3969465648854962,0.20610687022900764,-0.29770992366412213,-0.13358778625954199,-0.44656488549618323,0.03816793893129771,-0.4961832061068702,0.1297709923664122,-0.4083969465648855,0.1717557251908397,-0.3282442748091603
2,0.0,0.0,0.1935483870967742,-0.16129032258064516,0.2724014336917563,-0.32974910394265233,0.3154121863799283,-0.46953405017921146,0.34408602150537637,-0.6129032258064516,0.1003584229390681,-0.5663082437275986,0.13261648745519714,-0.7598566308243727,0.14336917562724014,-0.8853046594982079,0.14695340501792115,-1.0,0.025089605734767026,-0.5519713261648745,0.26881720430107525,-0.5913978494623656,0.3225806451612903,-0.43010752688172044,0.2974910394265233,-0.32974910394265233,-0.03225806451612903,-0.4982078853046595,0.22580645161290322,-0.5161290322580645,0.26523297491039427,-0.3655913978494624,0.23655913978494625,-0.27598566308243727,-0.06810035842293907,-0.41935483870967744,0.12903225806451613,-0.45878136200716846,0.18996415770609318,-0.3655913978494624,0.1863799283154122,-0.2974910394265233
2,0.0,0.0,0.1565217391304348,-0.08260869565217391,0.23043478260869565,-0.2608695652173913,0.27391304347826084,-0.41304347826086957,0.3173913043478261,-0.5478260869565217,-0.004347826086956522,-0.508695652173913,0.030434782608695653,-0.7043478260869566,0.05217391304347826,-0.8652173913043478,0.05652173913043478,-1.0,-0.09130434782608696,-0.49130434782608695,0.2217391304347826,-0.5043478260869565,0.2782608695652174,-0.3347826086956522,0.22608695652173913,-0.24782608695652175,-0.13478260869565217,-0.4217391304347826,0.1782608695652174,-0.43043478260869567,0.2217391304347826,-0.27391304347826084,0.16521739130434782,-0.2,-0.15217391304347827,-0.32608695652173914,0.08695652173913043,-0.3652173913043478,0.17391304347826086,-0.2565217391304348,0.18695652173913044,-0.16956521739130434
2,0.0,0.0,0.1839080459770115,-0.1685823754789272,0.26436781609195403,-0.34099616858237547,0.31417624521072796,-0.4789272030651341,0.3524904214559387,-0.6015325670498084,0.07662835249042145,-0.5747126436781609,0.1111111111111111,-0.7586206896551724,0.13026819923371646,-0.8888888888888888,0.13793103448275862,-1.0,-0.007662835249042145,-0.5555555555555556,0.2681992337164751,-0.5593869731800766,0.3218390804597701,-0.41379310344827586,0.2950191570881226,-0.32950191570881227,-0.04980842911877394,-0.48659003831417624,0.22988505747126436,-0.4904214559386973,0.26053639846743293,-0.3563218390804598,0.22988505747126436,-0.27586206896551724,-0.06896551724137931,-0.39846743295019155,0.14942528735632185,-0.42911877394636017,0.21839080459770116,-0.34099616858237547,0.2222222222222222,-0.27586206896551724
2,0.0,0.0,0.20306513409961685,-0.16475095785440613,0.2950191570881226,-0.32567049808429116,0.36398467432950193,-0.4521072796934866,0.42528735632183906,-0.578544061302682,0.13409961685823754,-0.5517241379310345,0.1839080459770115,-0.7432950191570882,0.210727969348659,-0.8850574712643678,0.2222222222222222,-1.0,0.05747126436781609,-0.5440613026819924,0.3371647509578544,-0.5363984674329502,0.39080459770114945,-0.3831417624521073,0.36398467432950193,-0.29118773946360155,0.022988505747126436,-0.4827586206896552,0.3103448275862069,-0.46360153256704983,0.3371647509578544,-0.32567049808429116,0.30268199233716475,-0.2413793103448276,0.011494252873563218,-0.3946360153256705,0.23371647509578544,-0.421455938697318,0.2950191570881226,-0.3371647509578544,0.3103448275862069,-0.2720306513409962
3,0.0,0.0,0.10861423220973783,0.10112359550561797,0.2696629213483146,0.16104868913857678,0.3895131086142322,0.12359550561797752,0.49063670411985016,0.04868913857677903,0.5056179775280899,0.056179775280898875,0.7303370786516854,0.0749063670411985,0.8764044943820225,0.08614232209737828,1.0,0.08614232209737828,0.47191011235955055,-0.06367041198501873,0.5131086142322098,-0.0449438202247191,0.3333333333333333,0.011235955056179775,0.20599250936329588,0.052434456928838954,0.4044943820224719,-0.17228464419475656,0.449438202247191,-0.15730337078651685,0.299625468164794,-0.07116104868913857,0.19101123595505617,-0.018726591760299626,0.31086142322097376,-0.2696629213483146,0.37453183520599254,-0.2696629213483146,0.2883895131086142,-0.1760299625468165,0.21722846441947566,-0.11235955056179775
3,0.0,0.0,0.11235955056179775,0.10486891385767791,0.27715355805243447,0.16853932584269662,0.40074906367041196,0.13857677902621723,0.4943820224719101,0.052434456928838954,0.5056179775280899,0.06741573033707865,0.7303370786516854,0.0898876404494382,0.8764044943820225,0.09737827715355805,1.0,0.09737827715355805,0.4756554307116105,-0.0599250936329588,0.5168539325842697,-0.033707865168539325,0.3333333333333333,0.026217228464419477,0.20599250936329588,0.0599250936329588,0.41198501872659177,-0.17228464419475656,0.45318352059925093,-0.14606741573033707,0.299625468164794,-0.06367041198501873,0.19101123595505617,-0.0149812734082397,0.32209737827715357,-0.27715355805243447,0.38202247191011235,-0.26217228464419473,0.29213483146067415,-0.16853932584269662,0.2209737827715356,-0.10861423220973783
3,0.0,0.0,0.11194029850746269,0.10820895522388059,0.27611940298507465,0.1791044776119403,0.40671641791044777,0.15671641791044777,0.4962686567164179,0.06343283582089553,0.4962686567164179,0.06343283582089553,0.7238805970149254,0.08208955223880597,0.8694029850746269,0.08955223880597014,1.0,0.08208955223880597,0.4664179104477612,-0.05970149253731343,0.5186567164179104,-0.033582089552238806,0.33955223880597013,0.026119402985074626,0.2126865671641791,0.05223880597014925,0.40298507462686567,-0.17164179104477612,0.4552238805970149,-0.1455223880597015,0.29850746268656714,-0.06343283582089553,0.1865671641791045,-0.018656716417910446,0.31343283582089554,-0.27611940298507465,0.3805970149253731,-0.2537313432835821,0.2835820895522388,-0.16417910447761194,0.208955223880597,-0.11194029850746269
3,0.0,0.0,0.10112359550561797,0.10486891385767791,0.26217228464419473,0.1797752808988764,0.39325842696629215,0.1647940074906367,0.4868913857677903,0.07116104868913857,0.5056179775280899,0.0599250936329588,0.7265917602996255,0.07116104868913857,0.8726591760299626,0.06741573033707865,1.0,0.0599250936329588,0.4756554307116105,-0.06367041198501873,0.5131086142322098,-0.026217228464419477,0.33707865168539325,0.026217228464419477,0.21722846441947566,0.052434456928838954,0.40823970037453183,-0.17228464419475656,0.449438202247191,-0.1348314606741573,0.2958801498127341,-0.056179775280898875,0.18726591760299627,-0.018726591760299626,0.31835205992509363,-0.2696629213483146,0.3857677902621723,-0.250936329588015,0.2958801498127341,-0.16104868913857678,0.21722846441947566,-0.10112359550561797
3,0.0,0.0,0.11494252873563218,0.10344827586206896,0.2796934865900383,0.1839080459770115,0.41379310344827586,0.1839080459770115,0.5172413793103449,0.08812260536398467,0.5057471264367817,0.06896551724137931,0.7394636015325671,0.06130268199233716,0.8735632183908046,0.06130268199233716,1.0,0.04597701149425287,0.4789272030651341,-0.04597701149425287,0.5478927203065134,-0.022988505747126436,0.3831417624521073,0.03065134099616858,0.28735632183908044,0.034482758620689655,0.41762452107279696,-0.14942528735632185,0.5057471264367817,-0.1417624521072797,0.3563218390804598,-0.06513409961685823,0.26436781609195403,-0.038314176245210725,0.32950191570881227,-0.24904214559386972,0.4329501915708812,-0.26436781609195403,0.3486590038314176,-0.1724137931034483,0.2720306513409962,-0.11494252873563218
3,0.0,0.0,0.11481481481481481,0.08888888888888889,0.2851851851851852,0.15185185185185185,0.42592592592592593,0.13703703703703704,0.5407407407407407,0.05925925925925926,0.5111111111111111,0.05925925925925926,0.737037037037037,0.06666666666666667,0.8777777777777778,0.07037037037037037,1.0,0.05185185185185185,0.48148148148148145,-0.05555555555555555,0.5481481481481482,-0.044444444444444446,0.3851851851851852,0.011111111111111112,0.3111111111111111,0.014814814814814815,0.4185185185185185,-0.15555555555555556,0.4888888888888889,-0.15185185185185185,0.34814814814814815,-0.07037037037037037,0.2740740740740741,-0.044444444444444446,0.3333333333333333,-0.25555555555555554,0.4185185185185185,-0.25925925925925924,0.337037037037037,-0.16666666666666666,0.2777777777777778,-0.11481481481481481
3,0.0,0.0,0.12546125461254612,0.09225092250922509,0.2952029520295203,0.15498154981549817,0.4317343173431734,0.13284132841328414,0.5387453874538746,0.05166051660516605,0.5239852398523985,0.05904059040590406,0.7416974169741697,0.07380073800738007,0.8819188191881919,0.07749077490774908,1.0,0.06642066420664207,0.4907749077490775,-0.05904059040590406,0.5424354243542435,-0.033210332103321034,0.36900369003690037,0.025830258302583026,0.3025830258302583,0.025830258302583026,0.42435424354243545,-0.16236162361623616,0.4797047970479705,-0.14022140221402213,0.3247232472324723,-0.055350553505535055,0.26199261992619927,-0.04059040590405904,0.33210332103321033,-0.2656826568265683,0.4059040590405904,-0.25461254612546125,0.31365313653136534,-0.15867158671586715,0.25461254612546125,-0.11439114391143912
3,0.0,0.0,0.11439114391143912,0.0996309963099631,0.28413284132841327,0.17343173431734318,0.42066420664206644,0.15867158671586715,0.5166051660516605,0.07749077490774908,0.5239852398523985,0.08487084870848709,0.7416974169741697,0.11439114391143912,0.8819188191881919,0.12915129151291513,1.0,0.12177121771217712,0.5055350553505535,-0.03690036900369004,0.5424354243542435,-0.0036900369003690036,0.3726937269372694,0.04428044280442804,0.28044280442804426,0.05166051660516605,0.44280442804428044,-0.14391143911439114,0.4870848708487085,-0.11439114391143912,0.3284132841328413,-0.04059040590405904,0.24354243542435425,-0.014760147601476014,0.3505535055350554,-0.24354243542435425,0.42066420664206644,-0.22878228782287824,0.3247232472324723,-0.14391143911439114,0.25461254612546125,-0.0996309963099631
3,0.0,0.0,0.11363636363636363,0.08333333333333333,0.2727272727272727,0.14393939393939395,0.39015151515151514,0.11363636363636363,0.4696969696969697,0.011363636363636364,0.5151515151515151,0.030303030303030304,0.7310606060606061,0.04924242424242424,0.8787878787878788,0.05303030303030303,1.0,0.04924242424242424,0.48484848484848486,-0.09090909090909091,0.4962121212121212,-0.07575757575757576,0.32575757575757575,-0.011363636363636364,0.23863636363636365,0.01893939393939394,0.4090909090909091,-0.1893939393939394,0.42045454545454547,-0.17803030303030304,0.2765151515151515,-0.09090909090909091,0.20454545454545456,-0.04924242424242424,0.3143939393939394,-0.2803030303030303,0.3522727272727273,-0.2803030303030303,0.25757575757575757,-0.1893939393939394,0.20075757575757575,-0.13636363636363635
3,0.0,0.0,0.11610486891385768,0.0898876404494382,0.2808988764044944,0.15355805243445692,0.4044943820224719,0.12359550561797752,0.49812734082397003,0.03745318352059925,0.5131086142322098,0.0449438202247191,0.7415730337078652,0.0599250936329588,0.8801498127340824,0.06741573033707865,1.0,0.0599250936329588,0.47191011235955055,-0.06741573033707865,0.5280898876404494,-0.0599250936329588,0.352059925093633,0.0,0.2546816479400749,0.026217228464419477,0.40074906367041196,-0.16853932584269662,0.4606741573033708,-0.16853932584269662,0.31086142322097376,-0.07865168539325842,0.2247191011235955,-0.03745318352059925,0.30711610486891383,-0.26217228464419473,0.3782771535580524,-0.2696629213483146,0.2883895131086142,-0.1760299625468165,0.2209737827715356,-0.12359550561797752
3,0.0,0.0,0.11808118081180811,0.0996309963099631,0.2952029520295203,0.16236162361623616,0.4280442804428044,0.12546125461254612,0.5129151291512916,0.025830258302583026,0.5092250922509225,0.04797047970479705,0.7416974169741697,0.06273062730627306,0.8782287822878229,0.07380073800738007,1.0,0.07011070110701106,0.46863468634686345,-0.05904059040590406,0.5424354243542435,-0.04797047970479705,0.3726937269372694,0.014760147601476014,0.2693726937269373,0.033210332103321034,0.3985239852398524,-0.15867158671586715,0.47601476014760147,-0.15129151291512916,0.3247232472324723,-0.06273062730627306,0.22509225092250923,-0.025830258302583026,0.3062730627306273,-0.25461254612546125,0.3985239852398524,-0.26199261992619927,0.31365313653136534,-0.16605166051660517,0.24354243542435425,-0.11070110701107011
3,0.0,0.0,0.12087912087912088,0.0989010989010989,0.29304029304029305,0.1575091575091575,0.4249084249084249,0.13186813186813187,0.5164835164835165,0.040293040293040296,0.5128205128205128,0.05128205128205128,0.73992673992674,0.0695970695970696,0.8791208791208791,0.08058608058608059,1.0,0.07326007326007326,0.47985347985347987,-0.06227106227106227,0.5384615384615384,-0.03663003663003663,0.36996336996337,0.02197802197802198,0.2673992673992674,0.03663003663003663,0.41025641025641024,-0.16117216117216118,0.4725274725274725,-0.14652014652014653,0.32234432234432236,-0.05860805860805861,0.2271062271062271,-0.02564102564102564,0.31135531135531136,-0.2600732600732601,0.3992673992673993,-0.2564102564102564,0.315018315018315,-0.16117216117216118,0.24175824175824176,-0.10989010989010989
3,0.0,0.0,0.11808118081180811,0.0996309963099631,0.2988929889298893,0.16236162361623616,0.44280442804428044,0.12177121771217712,0.5387453874538746,0.025830258302583026,0.5129151291512916,0.055350553505535055,0.7416974169741697,0.07011070110701106,0.8782287822878229,0.07749077490774908,1.0,0.07011070110701106,0.47601476014760147,-0.05904059040590406,0.5498154981549815,-0.04059040590405904,0.3800738007380074,0.01845018450184502,0.2730627306273063,0.033210332103321034,0.4095940959409594,-0.16236162361623616,0.4833948339483395,-0.15129151291512916,0.33210332103321033,-0.06273062730627306,0.23247232472324722,-0.025830258302583026,0.3173431734317343,-0.25830258302583026,0.4059040590405904,-0.25830258302583026,0.3210332103321033,-0.16605166051660517,0.25092250922509224,-0.11439114391143912
4,0.0,0.0,0.34210526315789475,-0.019736842105263157,0.6381578947368421,-0.1118421052631579,0.868421052631579,-0.23026315789473684,0.993421052631579,-0.40789473684210525,0.5263157894736842,-0.5723684210526315,0.6842105263157895,-0.8618421052631579,0.8157894736842105,-0.8223684210526315,0.868421052631579,-0.7302631578947368,0.42105263157894735,-0.6381578947368421,0.5986842105263158,-0.9736842105263158,0.75,-0.875,0.7828947368421053,-0.7105263157894737,0.29605263157894735,-0.6842105263157895,0.45394736842105265,-1.0,0.618421052631579,-0.9013157894736842,0.6776315789473685,-0.7236842105263158,0.1513157894736842,-0.6907894736842105,0.2631578947368421,-0.9407894736842105,0.42105263157894735,-0.9078947368421053,0.5131578947368421,-0.7894736842105263
4,0.0,0.0,0.3443708609271523,-0.013245033112582781,0.6490066225165563,-0.10596026490066225,0.8675496688741722,-0.2251655629139073,1.0,-0.40397350993377484,0.5298013245033113,-0.5695364238410596,0.695364238410596,-0.8609271523178808,0.8344370860927153,-0.8344370860927153,0.8874172185430463,-0.7417218543046358,0.423841059602649,-0.6291390728476821,0.6158940397350994,-0.9735099337748344,0.7682119205298014,-0.8741721854304636,0.8013245033112583,-0.7019867549668874,0.304635761589404,-0.6754966887417219,0.4768211920529801,-0.9933774834437086,0.6490066225165563,-0.8807947019867549,0.7019867549668874,-0.7019867549668874,0.16556291390728478,-0.6887417218543046,0.31788079470198677,-0.9337748344370861,0.4768211920529801,-0.8874172185430463,0.5629139072847682,-0.7615894039735099
4,0.0,0.0,0.34210526315789475,-0.013157894736842105,0.6447368421052632,-0.10526315789473684,0.868421052631579,-0.2236842105263158,1.0,-0.40131578947368424,0.5328947368421053,-0.5592105263157895,0.7039473684210527,-0.8552631578947368,0.8355263157894737,-0.8355263157894737,0.881578947368421,-0.7368421052631579,0.4276315789473684,-0.625,0.6118421052631579,-0.9671052631578947,0.7631578947368421,-0.868421052631579,0.7828947368421053,-0.6973684210526315,0.3092105263157895,-0.6710526315789473,0.47368421052631576,-0.9802631578947368,0.6381578947368421,-0.881578947368421,0.6776315789473685,-0.6973684210526315,0.17105263157894737,-0.6842105263157895,0.3092105263157895,-0.9276315789473685,0.46710526315789475,-0.8881578947368421,0.5526315789473685,-0.7631578947368421
4,0.0,0.0,0.32679738562091504,-0.026143790849673203,0.6209150326797386,-0.11764705882352941,0.8431372549019608,-0.22875816993464052,0.9738562091503268,-0.40522875816993464,0.49673202614379086,-0.5751633986928104,0.6797385620915033,-0.8758169934640523,0.8169934640522876,-0.8431372549019608,0.8562091503267973,-0.738562091503268,0.39869281045751637,-0.6405228758169934,0.5947712418300654,-0.9738562091503268,0.7450980392156863,-0.869281045751634,0.7712418300653595,-0.6928104575163399,0.2875816993464052,-0.6797385620915033,0.45098039215686275,-1.0,0.6209150326797386,-0.8954248366013072,0.673202614379085,-0.7124183006535948,0.1568627450980392,-0.6993464052287581,0.29411764705882354,-0.9411764705882353,0.45751633986928103,-0.9084967320261438,0.5424836601307189,-0.7843137254901961
4,0.0,0.0,0.32666666666666666,-0.02,0.6266666666666667,-0.12,0.8533333333333334,-0.23333333333333334,0.9866666666666667,-0.3933333333333333,0.5066666666666667,-0.5866666666666667,0.6933333333333334,-0.8933333333333333,0.82,-0.8266666666666667,0.8533333333333334,-0.7,0.4066666666666667,-0.6466666666666666,0.6,-0.9733333333333334,0.7466666666666667,-0.86,0.7666666666666667,-0.68,0.28,-0.6933333333333334,0.4533333333333333,-1.0,0.6133333333333333,-0.8933333333333333,0.6666666666666666,-0.72,0.14666666666666667,-0.7066666666666667,0.2733333333333333,-0.9466666666666667,0.43333333333333335,-0.9133333333333333,0.5266666666666666,-0.8
4,0.0,0.0,0.34415584415584416,-0.025974025974025976,0.6363636363636364,-0.11038961038961038,0.8571428571428571,-0.22727272727272727,1.0,-0.38961038961038963,0.512987012987013,-0.564935064935065,0.6883116883116883,-0.8506493506493507,0.8246753246753247,-0.8116883116883117,0.8831168831168831,-0.7142857142857143,0.4155844155844156,-0.6298701298701299,0.6103896103896104,-0.961038961038961,0.7597402597402597,-0.8571428571428571,0.7987012987012987,-0.6883116883116883,0.2987012987012987,-0.6753246753246753,0.474025974025974,-0.9805194805194806,0.6428571428571429,-0.8636363636363636,0.6948051948051948,-0.6818181818181818,0.16883116883116883,-0.6948051948051948,0.3181818181818182,-0.9285714285714286,0.487012987012987,-0.8766233766233766,0.5714285714285714,-0.7467532467532467
4,0.0,0.0,0.34,-0.02,0.6333333333333333,-0.11333333333333333,0.86,-0.22666666666666666,1.0,-0.38666666666666666,0.52,-0.58,0.7066666666666667,-0.8733333333333333,0.8333333333333334,-0.7933333333333333,0.8533333333333334,-0.66,0.42,-0.64,0.62,-0.9666666666666667,0.7666666666666667,-0.8466666666666667,0.78,-0.6733333333333333,0.3,-0.68,0.47333333333333333,-0.9933333333333333,0.64,-0.88,0.6866666666666666,-0.7066666666666667,0.16,-0.7,0.30666666666666664,-0.94,0.4666666666666667,-0.9,0.5533333333333333,-0.7733333333333333
4,0.0,0.0,0.3443708609271523,-0.026490066225165563,0.6423841059602649,-0.11258278145695365,0.8675496688741722,-0.2251655629139073,1.0,-0.39072847682119205,0.5165562913907285,-0.5761589403973509,0.7086092715231788,-0.8741721854304636,0.8410596026490066,-0.7880794701986755,0.8675496688741722,-0.6490066225165563,0.41721854304635764,-0.6423841059602649,0.6291390728476821,-0.9602649006622517,0.7748344370860927,-0.8278145695364238,0.7880794701986755,-0.6556291390728477,0.2980132450331126,-0.6887417218543046,0.4768211920529801,-0.9867549668874173,0.6423841059602649,-0.8675496688741722,0.6887417218543046,-0.695364238410596,0.15894039735099338,-0.7086092715231788,0.31125827814569534,-0.9403973509933775,0.4768211920529801,-0.8940397350993378,0.5562913907284768,-0.7682119205298014
4,0.0,0.0,0.3355263157894737,-0.013157894736842105,0.6381578947368421,-0.09210526315789473,0.8618421052631579,-0.20394736842105263,1.0,-0.3684210526315789,0.5328947368421053,-0.5592105263157895,0.7171052631578947,-0.8355263157894737,0.8486842105263158,-0.7828947368421053,0.8881578947368421,-0.6776315789473685,0.4342105263157895,-0.625,0.6381578947368421,-0.9407894736842105,0.7763157894736842,-0.8223684210526315,0.7960526315789473,-0.6513157894736842,0.3157894736842105,-0.6710526315789473,0.4868421052631579,-0.9671052631578947,0.6513157894736842,-0.8552631578947368,0.7039473684210527,-0.6842105263157895,0.17763157894736842,-0.6842105263157895,0.3223684210526316,-0.9144736842105263,0.48026315789473684,-0.875,0.5789473684210527,-0.756578947368421
4,0.0,0.0,0.3464052287581699,-0.013071895424836602,0.6470588235294118,-0.10457516339869281,0.869281045751634,-0.21568627450980393,1.0,-0.3790849673202614,0.5228758169934641,-0.5620915032679739,0.7124183006535948,-0.8496732026143791,0.8496732026143791,-0.7908496732026143,0.9019607843137255,-0.6797385620915033,0.42483660130718953,-0.6209150326797386,0.6274509803921569,-0.9411764705882353,0.7777777777777778,-0.8366013071895425,0.8169934640522876,-0.6601307189542484,0.30718954248366015,-0.6666666666666666,0.48366013071895425,-0.9673202614379085,0.6601307189542484,-0.8562091503267973,0.7189542483660131,-0.6797385620915033,0.16993464052287582,-0.6862745098039216,0.3137254901960784,-0.9215686274509803,0.48366013071895425,-0.8823529411764706,0.5816993464052288,-0.7516339869281046
4,0.0,0.0,0.3464052287581699,-0.026143790849673203,0.6470588235294118,-0.10457516339869281,0.869281045751634,-0.22875816993464052,1.0,-0.39869281045751637,0.5359477124183006,-0.5686274509803921,0.7189542483660131,-0.8431372549019608,0.8562091503267973,-0.803921568627451,0.9215686274509803,-0.7058823529411765,0.43137254901960786,-0.6274509803921569,0.6339869281045751,-0.9477124183006536,0.7777777777777778,-0.8431372549019608,0.8169934640522876,-0.6797385620915033,0.3137254901960784,-0.673202614379085,0.48366013071895425,-0.9738562091503268,0.6601307189542484,-0.8627450980392157,0.7254901960784313,-0.6928104575163399,0.16993464052287582,-0.6862745098039216,0.3202614379084967,-0.9215686274509803,0.48366013071895425,-0.8823529411764706,0.5882352941176471,-0.7647058823529411
4,0.0,0.0,0.35294117647058826,-0.032679738562091505,0.6470588235294118,-0.1111111111111111,0.8627450980392157,-0.2222222222222222,1.0,-0.39215686274509803,0.5424836601307189,-0.5751633986928104,0.7189542483660131,-0.8758169934640523,0.8431372549019608,-0.803921568627451,0.8758169934640523,-0.6797385620915033,0.43790849673202614,-0.6405228758169934,0.6339869281045751,-0.9673202614379085,0.7777777777777778,-0.8431372549019608,0.7973856209150327,-0.673202614379085,0.3202614379084967,-0.6797385620915033,0.48366013071895425,-0.9869281045751634,0.6470588235294118,-0.869281045751634,0.7058823529411765,-0.6928104575163399,0.17647058823529413,-0.6928104575163399,0.30718954248366015,-0.9281045751633987,0.47058823529411764,-0.8823529411764706,0.5686274509803921,-0.7647058823529411
4,0.0,0.0,0.34838709677419355,-0.04516129032258064,0.6387096774193548,-0.12258064516129032,0.864516129032258,-0.23225806451612904,1.0,-0.4,0.535483870967742,-0.5741935483870968,0.7354838709677419,-0.8516129032258064,0.8516129032258064,-0.7870967741935484,0.8709677419354839,-0.6645161290322581,0.43870967741935485,-0.6387096774193548,0.6387096774193548,-0.9548387096774194,0.7677419354838709,-0.8387096774193549,0.7870967741935484,-0.6709677419354839,0.3225806451612903,-0.6838709677419355,0.49032258064516127,-0.9806451612903225,0.6451612903225806,-0.8709677419354839,0.6967741935483871,-0.7032258064516129,0.18064516129032257,-0.7032258064516129,0.3225806451612903,-0.9290322580645162,0.4774193548387097,-0.8838709677419355,0.5741935483870968,-0.7677419354838709
4,0.0,0.0,0.33986928104575165,-0.032679738562091505,0.6274509803921569,-0.12418300653594772,0.8562091503267973,-0.23529411764705882,1.0,-0.40522875816993464,0.5228758169934641,-0.5751633986928104,0.7189542483660131,-0.8627450980392157,0.8431372549019608,-0.7908496732026143,0.869281045751634,-0.673202614379085,0.42483660130718953,-0.6405228758169934,0.6405228758169934,-0.9673202614379085,0.7777777777777778,-0.8496732026143791,0.7973856209150327,-0.6797385620915033,0.30718954248366015,-0.6797385620915033,0.49019607843137253,-0.9934640522875817,0.6535947712418301,-0.8758169934640523,0.6993464052287581,-0.6993464052287581,0.1568627450980392,-0.6928104575163399,0.30718954248366015,-0.934640522875817,0.47058823529411764,-0.8888888888888888,0.5555555555555556,-0.7647058823529411
4,0.0,0.0,0.33548387096774196,-0.03225806451612903,0.632258064516129,-0.12258064516129032,0.8516129032258064,-0.23225806451612904,1.0,-0.3935483870967742,0.5290322580645161,-0.567741935483871,0.7225806451612903,-0.8580645161290322,0.8516129032258064,-0.7935483870967742,0.8838709677419355,-0.6838709677419355,0.4258064516129032,-0.632258064516129,0.6258064516129033,-0.967741935483871,0.7677419354838709,-0.8451612903225807,0.7935483870967742,-0.6709677419354839,0.3032258064516129,-0.6709677419354839,0.4774193548387097,-0.9870967741935484,0.6387096774193548,-0.864516129032258,0.6903225806451613,-0.6838709677419355,0.16129032258064516,-0.6774193548387096,0.3032258064516129,-0.9161290322580645,0.47096774193548385,-0.8709677419354839,0.5612903225806452,-0.7548387096774194
4,0.0,0.0,0.34615384615384615,-0.03205128205128205,0.6346153846153846,-0.11538461538461539,0.8461538461538461,-0.23076923076923078,1.0,-0.3974358974358974,0.532051282051282,-0.5705128205128205,0.7051282051282052,-0.8653846153846154,0.8333333333333334,-0.8141025641025641,0.8782051282051282,-0.7051282051282052,0.4230769230769231,-0.6282051282051282,0.6153846153846154,-0.9743589743589743,0.7564102564102564,-0.8589743589743589,0.782051282051282,-0.6858974358974359,0.30128205128205127,-0.6602564102564102,0.46794871794871795,-0.9743589743589743,0.6282051282051282,-0.8589743589743589,0.6794871794871795,-0.6858974358974359,0.15384615384615385,-0.6602564102564102,0.28846153846153844,-0.9038461538461539,0.4551282051282051,-0.8653846153846154,0.5576923076923077,-0.7628205128205128
4,0.0,0.0,0.3419354838709677,-0.03225806451612903,0.6387096774193548,-0.12258064516129032,0.8580645161290322,-0.23870967741935484,1.0,-0.4,0.5290322580645161,-0.5806451612903226,0.7161290322580646,-0.8838709677419355,0.8387096774193549,-0.8,0.8709677419354839,-0.6774193548387096,0.4258064516129032,-0.6387096774193548,0.6193548387096774,-0.9935483870967742,0.7548387096774194,-0.864516129032258,0.7741935483870968,-0.6903225806451613,0.2967741935483871,-0.6709677419354839,0.4645161290322581,-0.9870967741935484,0.6193548387096774,-0.864516129032258,0.6645161290322581,-0.6903225806451613,0.14838709677419354,-0.6709677419354839,0.2838709677419355,-0.9161290322580645,0.45161290322580644,-0.8774193548387097,0.5548387096774193,-0.7612903225806451
4,0.0,0.0,0.3419354838709677,-0.025806451612903226,0.6387096774193548,-0.11612903225806452,0.8580645161290322,-0.23225806451612904,1.0,-0.3935483870967742,0.535483870967742,-0.567741935483871,0.7161290322580646,-0.8580645161290322,0.8387096774193549,-0.7935483870967742,0.8774193548387097,-0.6903225806451613,0.432258064516129,-0.6258064516129033,0.6258064516129033,-0.9612903225806452,0.7548387096774194,-0.8451612903225807,0.7806451612903226,-0.6774193548387096,0.3032258064516129,-0.6645161290322581,0.4774193548387097,-0.9741935483870968,0.632258064516129,-0.864516129032258,0.6838709677419355,-0.6903225806451613,0.15483870967741936,-0.6709677419354839,0.2967741935483871,-0.9096774193548387,0.45806451612903226,-0.8709677419354839,0.5548387096774193,-0.7548387096774194
4,0.0,0.0,0.3509933774834437,-0.026490066225165563,0.6490066225165563,-0.11920529801324503,0.8741721854304636,-0.23841059602649006,1.0,-0.41721854304635764,0.5298013245033113,-0.5827814569536424,0.7152317880794702,-0.8874172185430463,0.8410596026490066,-0.8211920529801324,0.8807947019867549,-0.7019867549668874,0.4304635761589404,-0.6423841059602649,0.6291390728476821,-0.9801324503311258,0.7748344370860927,-0.8609271523178808,0.8013245033112583,-0.6821192052980133,0.304635761589404,-0.6821192052980133,0.4768211920529801,-0.9933774834437086,0.6556291390728477,-0.8807947019867549,0.7086092715231788,-0.7019867549668874,0.15894039735099338,-0.695364238410596,0.2980132450331126,-0.9470198675496688,0.47019867549668876,-0.9006622516556292,0.5629139072847682,-0.7748344370860927
4,0.0,0.0,0.3522012578616352,-0.07547169811320754,0.6163522012578616,-0.1509433962264151,0.8301886792452831,-0.2641509433962264,1.0,-0.4276729559748428,0.5094339622641509,-0.5786163522012578,0.6918238993710691,-0.7861635220125787,0.8050314465408805,-0.7421383647798742,0.8364779874213837,-0.6352201257861635,0.4276729559748428,-0.660377358490566,0.6163522012578616,-0.9433962264150944,0.7672955974842768,-0.8679245283018868,0.8176100628930818,-0.7044025157232704,0.31446540880503143,-0.7169811320754716,0.4591194968553459,-0.9874213836477987,0.6352201257861635,-0.9119496855345912,0.7358490566037735,-0.7484276729559748,0.16981132075471697,-0.7484276729559748,0.27044025157232704,-0.9937106918238994,0.4276729559748428,-0.9937106918238994,0.559748427672956,-0.8930817610062893
4,0.0,0.0,0.3525641025641026,-0.057692307692307696,0.6217948717948718,-0.16025641025641027,0.8333333333333334,-0.26282051282051283,1.0,-0.4230769230769231,0.5128205128205128,-0.5897435897435898,0.6666666666666666,-0.7948717948717948,0.8012820512820513,-0.782051282051282,0.8782051282051282,-0.6987179487179487,0.4358974358974359,-0.6666666666666666,0.6217948717948718,-0.9358974358974359,0.782051282051282,-0.8846153846153846,0.8653846153846154,-0.7371794871794872,0.33974358974358976,-0.7243589743589743,0.5064102564102564,-0.9807692307692307,0.6923076923076923,-0.9166666666666666,0.8012820512820513,-0.7692307692307693,0.21153846153846154,-0.75,0.33974358974358976,-0.9871794871794872,0.5064102564102564,-0.9807692307692307,0.6410256410256411,-0.8653846153846154
